org.apache.tools.ant.helper.ProjectHelper2$MainHandler,org.apache.tools.ant.helper.ProjectHelper2,14, LD
org.apache.tools.ant.helper.ProjectHelper2$MainHandler,org.apache.tools.ant.helper.ProjectHelper2$AntHandler,14, LD
org.apache.tools.ant.helper.ProjectHelper2$MainHandler,org.apache.tools.ant.helper.ProjectHelper2$RootHandler,14, LD
org.apache.tools.ant.helper.ProjectHelper2$MainHandler,org.apache.tools.ant.helper.ProjectHelper2$ProjectHandler,14, LD
org.apache.tools.ant.helper.ProjectHelper2$MainHandler,org.apache.tools.ant.helper.ProjectHelper2$TargetHandler,14, LD
org.apache.tools.ant.helper.ProjectHelper2$MainHandler,org.apache.tools.ant.helper.ProjectHelper2$ElementHandler,14, LD
org.apache.tools.ant.types.CommandlineJava$SysProperties,org.apache.tools.ant.types.CommandlineJava,30, LD
org.apache.tools.ant.IntrospectionHelper$AttributeSetter,org.apache.tools.ant.IntrospectionHelper,43, LD
org.apache.tools.ant.IntrospectionHelper$AttributeSetter,org.apache.tools.ant.IntrospectionHelper$Creator,43, LD
org.apache.tools.ant.IntrospectionHelper$AttributeSetter,org.apache.tools.ant.IntrospectionHelper$NestedCreator,43, LD
org.apache.tools.ant.taskdefs.Javadoc$GroupArgument,org.apache.tools.ant.taskdefs.Javadoc,40, LD
org.apache.tools.ant.taskdefs.Javadoc$GroupArgument,org.apache.tools.ant.taskdefs.Javadoc$DocletParam,40, LD
org.apache.tools.ant.taskdefs.Javadoc$GroupArgument,org.apache.tools.ant.taskdefs.Javadoc$ExtensionInfo,40, LD
org.apache.tools.ant.taskdefs.Javadoc$GroupArgument,org.apache.tools.ant.taskdefs.Javadoc$DocletInfo,40, LD
org.apache.tools.ant.taskdefs.Javadoc$GroupArgument,org.apache.tools.ant.taskdefs.Javadoc$PackageName,40, LD
org.apache.tools.ant.taskdefs.Javadoc$GroupArgument,org.apache.tools.ant.taskdefs.Javadoc$SourceFile,40, LD
org.apache.tools.ant.taskdefs.Javadoc$GroupArgument,org.apache.tools.ant.taskdefs.Javadoc$Html,40, LD
org.apache.tools.ant.taskdefs.Javadoc$GroupArgument,org.apache.tools.ant.taskdefs.Javadoc$AccessType,40, LD
org.apache.tools.ant.taskdefs.Javadoc$GroupArgument,org.apache.tools.ant.taskdefs.Javadoc$LinkArgument,40, LD
org.apache.tools.ant.taskdefs.Javadoc$GroupArgument,org.apache.tools.ant.taskdefs.Javadoc$TagArgument,40, LD
org.apache.tools.ant.taskdefs.Javadoc$GroupArgument,org.apache.tools.ant.taskdefs.Javadoc$JavadocOutputStream,40, LD
org.apache.tools.ant.IntrospectionHelper$NestedCreator,org.apache.tools.ant.IntrospectionHelper,43, LD
org.apache.tools.ant.IntrospectionHelper$NestedCreator,org.apache.tools.ant.IntrospectionHelper$Creator,43, LD
org.apache.tools.ant.IntrospectionHelper$NestedCreator,org.apache.tools.ant.IntrospectionHelper$AttributeSetter,43, LD
org.apache.tools.ant.types.Commandline$Argument,org.apache.tools.ant.types.Commandline,19, LD
org.apache.tools.ant.types.Commandline$Argument,org.apache.tools.ant.types.Commandline$Marker,19, LD
org.apache.tools.ant.taskdefs.Javadoc$TagArgument,org.apache.tools.ant.taskdefs.Javadoc,40, LD
org.apache.tools.ant.taskdefs.Javadoc$TagArgument,org.apache.tools.ant.taskdefs.Javadoc$DocletParam,40, LD
org.apache.tools.ant.taskdefs.Javadoc$TagArgument,org.apache.tools.ant.taskdefs.Javadoc$ExtensionInfo,40, LD
org.apache.tools.ant.taskdefs.Javadoc$TagArgument,org.apache.tools.ant.taskdefs.Javadoc$DocletInfo,40, LD
org.apache.tools.ant.taskdefs.Javadoc$TagArgument,org.apache.tools.ant.taskdefs.Javadoc$PackageName,40, LD
org.apache.tools.ant.taskdefs.Javadoc$TagArgument,org.apache.tools.ant.taskdefs.Javadoc$SourceFile,40, LD
org.apache.tools.ant.taskdefs.Javadoc$TagArgument,org.apache.tools.ant.taskdefs.Javadoc$Html,40, LD
org.apache.tools.ant.taskdefs.Javadoc$TagArgument,org.apache.tools.ant.taskdefs.Javadoc$AccessType,40, LD
org.apache.tools.ant.taskdefs.Javadoc$TagArgument,org.apache.tools.ant.taskdefs.Javadoc$LinkArgument,40, LD
org.apache.tools.ant.taskdefs.Javadoc$TagArgument,org.apache.tools.ant.taskdefs.Javadoc$GroupArgument,40, LD
org.apache.tools.ant.taskdefs.Javadoc$TagArgument,org.apache.tools.ant.taskdefs.Javadoc$JavadocOutputStream,40, LD
org.apache.tools.ant.types.Path$PathElement,org.apache.tools.ant.types.Path,31, LD
org.apache.tools.ant.helper.ProjectHelper2$ProjectHandler,org.apache.tools.ant.helper.ProjectHelper2,14, LD
org.apache.tools.ant.helper.ProjectHelper2$ProjectHandler,org.apache.tools.ant.helper.ProjectHelper2$AntHandler,14, LD
org.apache.tools.ant.helper.ProjectHelper2$ProjectHandler,org.apache.tools.ant.helper.ProjectHelper2$RootHandler,14, LD
org.apache.tools.ant.helper.ProjectHelper2$ProjectHandler,org.apache.tools.ant.helper.ProjectHelper2$MainHandler,14, LD
org.apache.tools.ant.helper.ProjectHelper2$ProjectHandler,org.apache.tools.ant.helper.ProjectHelper2$TargetHandler,14, LD
org.apache.tools.ant.helper.ProjectHelper2$ProjectHandler,org.apache.tools.ant.helper.ProjectHelper2$ElementHandler,14, LD
org.apache.tools.ant.IntrospectionHelper,org.apache.tools.ant.IntrospectionHelper$Creator,43, LD
org.apache.tools.ant.IntrospectionHelper,org.apache.tools.ant.IntrospectionHelper$NestedCreator,43, LD
org.apache.tools.ant.IntrospectionHelper,org.apache.tools.ant.IntrospectionHelper$AttributeSetter,43, LD
org.apache.tools.ant.taskdefs.Javac$ImplementationSpecificArgument,org.apache.tools.ant.taskdefs.Javac,50, LD
org.apache.tools.ant.taskdefs.Javadoc,org.apache.tools.ant.taskdefs.Javadoc$DocletParam,40, LD
org.apache.tools.ant.taskdefs.Javadoc,org.apache.tools.ant.taskdefs.Javadoc$ExtensionInfo,40, LD
org.apache.tools.ant.taskdefs.Javadoc,org.apache.tools.ant.taskdefs.Javadoc$DocletInfo,40, LD
org.apache.tools.ant.taskdefs.Javadoc,org.apache.tools.ant.taskdefs.Javadoc$PackageName,40, LD
org.apache.tools.ant.taskdefs.Javadoc,org.apache.tools.ant.taskdefs.Javadoc$SourceFile,40, LD
org.apache.tools.ant.taskdefs.Javadoc,org.apache.tools.ant.taskdefs.Javadoc$Html,40, LD
org.apache.tools.ant.taskdefs.Javadoc,org.apache.tools.ant.taskdefs.Javadoc$AccessType,40, LD
org.apache.tools.ant.taskdefs.Javadoc,org.apache.tools.ant.taskdefs.Javadoc$LinkArgument,40, LD
org.apache.tools.ant.taskdefs.Javadoc,org.apache.tools.ant.taskdefs.Javadoc$TagArgument,40, LD
org.apache.tools.ant.taskdefs.Javadoc,org.apache.tools.ant.taskdefs.Javadoc$GroupArgument,40, LD
org.apache.tools.ant.taskdefs.Javadoc,org.apache.tools.ant.taskdefs.Javadoc$JavadocOutputStream,40, LD
org.apache.tools.ant.types.PatternSet,org.apache.tools.ant.types.PatternSet$NameEntry,16, LD
org.apache.tools.ant.types.PatternSet$NameEntry,org.apache.tools.ant.types.PatternSet,16, LD
org.apache.tools.ant.taskdefs.XSLTProcess$OutputProperty,org.apache.tools.ant.taskdefs.XSLTProcess,28, LD
org.apache.tools.ant.taskdefs.XSLTProcess$OutputProperty,org.apache.tools.ant.taskdefs.XSLTProcess$Param,28, LD
org.apache.tools.ant.taskdefs.XSLTProcess$OutputProperty,org.apache.tools.ant.taskdefs.XSLTProcess$Factory,28, LD
org.apache.tools.ant.taskdefs.Javadoc$JavadocOutputStream,org.apache.tools.ant.taskdefs.Javadoc,40, LD
org.apache.tools.ant.taskdefs.Javadoc$JavadocOutputStream,org.apache.tools.ant.taskdefs.Javadoc$DocletParam,40, LD
org.apache.tools.ant.taskdefs.Javadoc$JavadocOutputStream,org.apache.tools.ant.taskdefs.Javadoc$ExtensionInfo,40, LD
org.apache.tools.ant.taskdefs.Javadoc$JavadocOutputStream,org.apache.tools.ant.taskdefs.Javadoc$DocletInfo,40, LD
org.apache.tools.ant.taskdefs.Javadoc$JavadocOutputStream,org.apache.tools.ant.taskdefs.Javadoc$PackageName,40, LD
org.apache.tools.ant.taskdefs.Javadoc$JavadocOutputStream,org.apache.tools.ant.taskdefs.Javadoc$SourceFile,40, LD
org.apache.tools.ant.taskdefs.Javadoc$JavadocOutputStream,org.apache.tools.ant.taskdefs.Javadoc$Html,40, LD
org.apache.tools.ant.taskdefs.Javadoc$JavadocOutputStream,org.apache.tools.ant.taskdefs.Javadoc$AccessType,40, LD
org.apache.tools.ant.taskdefs.Javadoc$JavadocOutputStream,org.apache.tools.ant.taskdefs.Javadoc$LinkArgument,40, LD
org.apache.tools.ant.taskdefs.Javadoc$JavadocOutputStream,org.apache.tools.ant.taskdefs.Javadoc$TagArgument,40, LD
org.apache.tools.ant.taskdefs.Javadoc$JavadocOutputStream,org.apache.tools.ant.taskdefs.Javadoc$GroupArgument,40, LD
org.apache.tools.ant.XmlLogger,org.apache.tools.ant.XmlLogger$TimedElement,14, LD
org.apache.tools.ant.taskdefs.Manifest$Attribute,org.apache.tools.ant.taskdefs.Manifest,17, LD
org.apache.tools.ant.taskdefs.Manifest$Attribute,org.apache.tools.ant.taskdefs.Manifest$Section,17, LD
org.apache.tools.ant.helper.ProjectHelper2,org.apache.tools.ant.helper.ProjectHelper2$AntHandler,14, LD
org.apache.tools.ant.helper.ProjectHelper2,org.apache.tools.ant.helper.ProjectHelper2$RootHandler,14, LD
org.apache.tools.ant.helper.ProjectHelper2,org.apache.tools.ant.helper.ProjectHelper2$MainHandler,14, LD
org.apache.tools.ant.helper.ProjectHelper2,org.apache.tools.ant.helper.ProjectHelper2$ProjectHandler,14, LD
org.apache.tools.ant.helper.ProjectHelper2,org.apache.tools.ant.helper.ProjectHelper2$TargetHandler,14, LD
org.apache.tools.ant.helper.ProjectHelper2,org.apache.tools.ant.helper.ProjectHelper2$ElementHandler,14, LD
org.apache.tools.ant.taskdefs.Definer$OnError,org.apache.tools.ant.taskdefs.Definer,20, LD
org.apache.tools.ant.taskdefs.Definer$OnError,org.apache.tools.ant.taskdefs.Definer$Format,20, LD
org.apache.tools.ant.taskdefs.XSLTProcess$Factory,org.apache.tools.ant.taskdefs.XSLTProcess,28, LD
org.apache.tools.ant.taskdefs.XSLTProcess$Factory,org.apache.tools.ant.taskdefs.XSLTProcess$Param,28, LD
org.apache.tools.ant.taskdefs.XSLTProcess$Factory,org.apache.tools.ant.taskdefs.XSLTProcess$OutputProperty,28, LD
org.apache.tools.ant.Project$AntRefTable,org.apache.tools.ant.Project,92, LD
org.apache.tools.ant.types.Commandline,org.apache.tools.ant.types.Commandline$Argument,19, LD
org.apache.tools.ant.types.Commandline,org.apache.tools.ant.types.Commandline$Marker,19, LD
org.apache.tools.ant.taskdefs.rmic.DefaultRmicAdapter,org.apache.tools.ant.taskdefs.rmic.DefaultRmicAdapter$RmicFileNameMapper,15, LD
org.apache.tools.ant.taskdefs.Definer$Format,org.apache.tools.ant.taskdefs.Definer,20, LD
org.apache.tools.ant.taskdefs.Definer$Format,org.apache.tools.ant.taskdefs.Definer$OnError,20, LD
org.apache.tools.ant.taskdefs.XSLTProcess$Param,org.apache.tools.ant.taskdefs.XSLTProcess,28, LD
org.apache.tools.ant.taskdefs.XSLTProcess$Param,org.apache.tools.ant.taskdefs.XSLTProcess$OutputProperty,28, LD
org.apache.tools.ant.taskdefs.XSLTProcess$Param,org.apache.tools.ant.taskdefs.XSLTProcess$Factory,28, LD
org.apache.tools.ant.types.Path,org.apache.tools.ant.types.Path$PathElement,31, LD
org.apache.tools.ant.types.Commandline$Marker,org.apache.tools.ant.types.Commandline,19, LD
org.apache.tools.ant.types.Commandline$Marker,org.apache.tools.ant.types.Commandline$Argument,19, LD
org.apache.tools.ant.AntClassLoader,org.apache.tools.ant.AntClassLoader$ResourceEnumeration,39, LD
org.apache.tools.ant.taskdefs.Javadoc$DocletInfo,org.apache.tools.ant.taskdefs.Javadoc,40, LD
org.apache.tools.ant.taskdefs.Javadoc$DocletInfo,org.apache.tools.ant.taskdefs.Javadoc$DocletParam,40, LD
org.apache.tools.ant.taskdefs.Javadoc$DocletInfo,org.apache.tools.ant.taskdefs.Javadoc$ExtensionInfo,40, LD
org.apache.tools.ant.taskdefs.Javadoc$DocletInfo,org.apache.tools.ant.taskdefs.Javadoc$PackageName,40, LD
org.apache.tools.ant.taskdefs.Javadoc$DocletInfo,org.apache.tools.ant.taskdefs.Javadoc$SourceFile,40, LD
org.apache.tools.ant.taskdefs.Javadoc$DocletInfo,org.apache.tools.ant.taskdefs.Javadoc$Html,40, LD
org.apache.tools.ant.taskdefs.Javadoc$DocletInfo,org.apache.tools.ant.taskdefs.Javadoc$AccessType,40, LD
org.apache.tools.ant.taskdefs.Javadoc$DocletInfo,org.apache.tools.ant.taskdefs.Javadoc$LinkArgument,40, LD
org.apache.tools.ant.taskdefs.Javadoc$DocletInfo,org.apache.tools.ant.taskdefs.Javadoc$TagArgument,40, LD
org.apache.tools.ant.taskdefs.Javadoc$DocletInfo,org.apache.tools.ant.taskdefs.Javadoc$GroupArgument,40, LD
org.apache.tools.ant.taskdefs.Javadoc$DocletInfo,org.apache.tools.ant.taskdefs.Javadoc$JavadocOutputStream,40, LD
org.apache.tools.ant.helper.ProjectHelper2$AntHandler,org.apache.tools.ant.helper.ProjectHelper2,14, LD
org.apache.tools.ant.helper.ProjectHelper2$AntHandler,org.apache.tools.ant.helper.ProjectHelper2$RootHandler,14, LD
org.apache.tools.ant.helper.ProjectHelper2$AntHandler,org.apache.tools.ant.helper.ProjectHelper2$MainHandler,14, LD
org.apache.tools.ant.helper.ProjectHelper2$AntHandler,org.apache.tools.ant.helper.ProjectHelper2$ProjectHandler,14, LD
org.apache.tools.ant.helper.ProjectHelper2$AntHandler,org.apache.tools.ant.helper.ProjectHelper2$TargetHandler,14, LD
org.apache.tools.ant.helper.ProjectHelper2$AntHandler,org.apache.tools.ant.helper.ProjectHelper2$ElementHandler,14, LD
org.apache.tools.ant.taskdefs.Zip$WhenEmpty,org.apache.tools.ant.taskdefs.Jar,33, LD
org.apache.tools.ant.taskdefs.Zip$WhenEmpty,org.apache.tools.ant.taskdefs.Jar$FilesetManifestConfig,33, LD
org.apache.tools.ant.taskdefs.Zip$WhenEmpty,org.apache.tools.ant.taskdefs.Zip,56, LD
org.apache.tools.ant.taskdefs.Zip$WhenEmpty,org.apache.tools.ant.taskdefs.Zip$Duplicate,56, LD
org.apache.tools.ant.taskdefs.Zip$WhenEmpty,org.apache.tools.ant.taskdefs.Zip$ArchiveState,56, LD
org.apache.tools.ant.taskdefs.Zip$Duplicate,org.apache.tools.ant.taskdefs.Jar,33, LD
org.apache.tools.ant.taskdefs.Zip$Duplicate,org.apache.tools.ant.taskdefs.Jar$FilesetManifestConfig,33, LD
org.apache.tools.ant.taskdefs.Zip$Duplicate,org.apache.tools.ant.taskdefs.Zip,56, LD
org.apache.tools.ant.taskdefs.Zip$Duplicate,org.apache.tools.ant.taskdefs.Zip$WhenEmpty,56, LD
org.apache.tools.ant.taskdefs.Zip$Duplicate,org.apache.tools.ant.taskdefs.Zip$ArchiveState,56, LD
org.apache.tools.ant.taskdefs.Jar$FilesetManifestConfig,org.apache.tools.ant.taskdefs.Jar,42, LD
org.apache.tools.ant.taskdefs.Jar$FilesetManifestConfig,org.apache.tools.ant.taskdefs.Zip,33, LD
org.apache.tools.ant.taskdefs.Jar$FilesetManifestConfig,org.apache.tools.ant.taskdefs.Zip$WhenEmpty,33, LD
org.apache.tools.ant.taskdefs.Jar$FilesetManifestConfig,org.apache.tools.ant.taskdefs.Zip$Duplicate,33, LD
org.apache.tools.ant.taskdefs.Jar$FilesetManifestConfig,org.apache.tools.ant.taskdefs.Zip$ArchiveState,33, LD
org.apache.tools.ant.taskdefs.Zip$ArchiveState,org.apache.tools.ant.taskdefs.Jar,33, LD
org.apache.tools.ant.taskdefs.Zip$ArchiveState,org.apache.tools.ant.taskdefs.Jar$FilesetManifestConfig,33, LD
org.apache.tools.ant.taskdefs.Zip$ArchiveState,org.apache.tools.ant.taskdefs.Zip,56, LD
org.apache.tools.ant.taskdefs.Zip$ArchiveState,org.apache.tools.ant.taskdefs.Zip$WhenEmpty,56, LD
org.apache.tools.ant.taskdefs.Zip$ArchiveState,org.apache.tools.ant.taskdefs.Zip$Duplicate,56, LD
org.apache.tools.ant.taskdefs.Available$FileDir,org.apache.tools.ant.taskdefs.Available,19, LD
org.apache.tools.ant.taskdefs.Javadoc$PackageName,org.apache.tools.ant.taskdefs.Javadoc,40, LD
org.apache.tools.ant.taskdefs.Javadoc$PackageName,org.apache.tools.ant.taskdefs.Javadoc$DocletParam,40, LD
org.apache.tools.ant.taskdefs.Javadoc$PackageName,org.apache.tools.ant.taskdefs.Javadoc$ExtensionInfo,40, LD
org.apache.tools.ant.taskdefs.Javadoc$PackageName,org.apache.tools.ant.taskdefs.Javadoc$DocletInfo,40, LD
org.apache.tools.ant.taskdefs.Javadoc$PackageName,org.apache.tools.ant.taskdefs.Javadoc$SourceFile,40, LD
org.apache.tools.ant.taskdefs.Javadoc$PackageName,org.apache.tools.ant.taskdefs.Javadoc$Html,40, LD
org.apache.tools.ant.taskdefs.Javadoc$PackageName,org.apache.tools.ant.taskdefs.Javadoc$AccessType,40, LD
org.apache.tools.ant.taskdefs.Javadoc$PackageName,org.apache.tools.ant.taskdefs.Javadoc$LinkArgument,40, LD
org.apache.tools.ant.taskdefs.Javadoc$PackageName,org.apache.tools.ant.taskdefs.Javadoc$TagArgument,40, LD
org.apache.tools.ant.taskdefs.Javadoc$PackageName,org.apache.tools.ant.taskdefs.Javadoc$GroupArgument,40, LD
org.apache.tools.ant.taskdefs.Javadoc$PackageName,org.apache.tools.ant.taskdefs.Javadoc$JavadocOutputStream,40, LD
org.apache.tools.ant.helper.ProjectHelper2$TargetHandler,org.apache.tools.ant.helper.ProjectHelper2,14, LD
org.apache.tools.ant.helper.ProjectHelper2$TargetHandler,org.apache.tools.ant.helper.ProjectHelper2$AntHandler,14, LD
org.apache.tools.ant.helper.ProjectHelper2$TargetHandler,org.apache.tools.ant.helper.ProjectHelper2$RootHandler,14, LD
org.apache.tools.ant.helper.ProjectHelper2$TargetHandler,org.apache.tools.ant.helper.ProjectHelper2$MainHandler,14, LD
org.apache.tools.ant.helper.ProjectHelper2$TargetHandler,org.apache.tools.ant.helper.ProjectHelper2$ProjectHandler,14, LD
org.apache.tools.ant.helper.ProjectHelper2$TargetHandler,org.apache.tools.ant.helper.ProjectHelper2$ElementHandler,14, LD
org.apache.tools.ant.taskdefs.Ant,org.apache.tools.ant.taskdefs.Ant$Reference,50, LD
org.apache.tools.ant.taskdefs.Manifest,org.apache.tools.ant.taskdefs.Manifest$Attribute,17, LD
org.apache.tools.ant.taskdefs.Manifest,org.apache.tools.ant.taskdefs.Manifest$Section,17, LD
org.apache.tools.ant.taskdefs.XSLTProcess,org.apache.tools.ant.taskdefs.XSLTProcess$Param,28, LD
org.apache.tools.ant.taskdefs.XSLTProcess,org.apache.tools.ant.taskdefs.XSLTProcess$OutputProperty,28, LD
org.apache.tools.ant.taskdefs.XSLTProcess,org.apache.tools.ant.taskdefs.XSLTProcess$Factory,28, LD
org.apache.tools.ant.types.CommandlineJava,org.apache.tools.ant.types.CommandlineJava$SysProperties,30, LD
org.apache.tools.ant.taskdefs.Javadoc$SourceFile,org.apache.tools.ant.taskdefs.Javadoc,40, LD
org.apache.tools.ant.taskdefs.Javadoc$SourceFile,org.apache.tools.ant.taskdefs.Javadoc$DocletParam,40, LD
org.apache.tools.ant.taskdefs.Javadoc$SourceFile,org.apache.tools.ant.taskdefs.Javadoc$ExtensionInfo,40, LD
org.apache.tools.ant.taskdefs.Javadoc$SourceFile,org.apache.tools.ant.taskdefs.Javadoc$DocletInfo,40, LD
org.apache.tools.ant.taskdefs.Javadoc$SourceFile,org.apache.tools.ant.taskdefs.Javadoc$PackageName,40, LD
org.apache.tools.ant.taskdefs.Javadoc$SourceFile,org.apache.tools.ant.taskdefs.Javadoc$Html,40, LD
org.apache.tools.ant.taskdefs.Javadoc$SourceFile,org.apache.tools.ant.taskdefs.Javadoc$AccessType,40, LD
org.apache.tools.ant.taskdefs.Javadoc$SourceFile,org.apache.tools.ant.taskdefs.Javadoc$LinkArgument,40, LD
org.apache.tools.ant.taskdefs.Javadoc$SourceFile,org.apache.tools.ant.taskdefs.Javadoc$TagArgument,40, LD
org.apache.tools.ant.taskdefs.Javadoc$SourceFile,org.apache.tools.ant.taskdefs.Javadoc$GroupArgument,40, LD
org.apache.tools.ant.taskdefs.Javadoc$SourceFile,org.apache.tools.ant.taskdefs.Javadoc$JavadocOutputStream,40, LD
org.apache.tools.ant.taskdefs.Manifest$Section,org.apache.tools.ant.taskdefs.Manifest,17, LD
org.apache.tools.ant.taskdefs.Manifest$Section,org.apache.tools.ant.taskdefs.Manifest$Attribute,17, LD
org.apache.tools.ant.taskdefs.Rmic,org.apache.tools.ant.taskdefs.Rmic$ImplementationSpecificArgument,20, LD
org.apache.tools.ant.taskdefs.Javac,org.apache.tools.ant.taskdefs.Javac$ImplementationSpecificArgument,50, LD
org.apache.tools.ant.IntrospectionHelper$Creator,org.apache.tools.ant.IntrospectionHelper,43, LD
org.apache.tools.ant.IntrospectionHelper$Creator,org.apache.tools.ant.IntrospectionHelper$NestedCreator,43, LD
org.apache.tools.ant.IntrospectionHelper$Creator,org.apache.tools.ant.IntrospectionHelper$AttributeSetter,43, LD
org.apache.tools.ant.taskdefs.Javadoc$Html,org.apache.tools.ant.taskdefs.Javadoc,40, LD
org.apache.tools.ant.taskdefs.Javadoc$Html,org.apache.tools.ant.taskdefs.Javadoc$DocletParam,40, LD
org.apache.tools.ant.taskdefs.Javadoc$Html,org.apache.tools.ant.taskdefs.Javadoc$ExtensionInfo,40, LD
org.apache.tools.ant.taskdefs.Javadoc$Html,org.apache.tools.ant.taskdefs.Javadoc$DocletInfo,40, LD
org.apache.tools.ant.taskdefs.Javadoc$Html,org.apache.tools.ant.taskdefs.Javadoc$PackageName,40, LD
org.apache.tools.ant.taskdefs.Javadoc$Html,org.apache.tools.ant.taskdefs.Javadoc$SourceFile,40, LD
org.apache.tools.ant.taskdefs.Javadoc$Html,org.apache.tools.ant.taskdefs.Javadoc$AccessType,40, LD
org.apache.tools.ant.taskdefs.Javadoc$Html,org.apache.tools.ant.taskdefs.Javadoc$LinkArgument,40, LD
org.apache.tools.ant.taskdefs.Javadoc$Html,org.apache.tools.ant.taskdefs.Javadoc$TagArgument,40, LD
org.apache.tools.ant.taskdefs.Javadoc$Html,org.apache.tools.ant.taskdefs.Javadoc$GroupArgument,40, LD
org.apache.tools.ant.taskdefs.Javadoc$Html,org.apache.tools.ant.taskdefs.Javadoc$JavadocOutputStream,40, LD
org.apache.tools.ant.helper.ProjectHelper2$ElementHandler,org.apache.tools.ant.helper.ProjectHelper2,14, LD
org.apache.tools.ant.helper.ProjectHelper2$ElementHandler,org.apache.tools.ant.helper.ProjectHelper2$AntHandler,14, LD
org.apache.tools.ant.helper.ProjectHelper2$ElementHandler,org.apache.tools.ant.helper.ProjectHelper2$RootHandler,14, LD
org.apache.tools.ant.helper.ProjectHelper2$ElementHandler,org.apache.tools.ant.helper.ProjectHelper2$MainHandler,14, LD
org.apache.tools.ant.helper.ProjectHelper2$ElementHandler,org.apache.tools.ant.helper.ProjectHelper2$ProjectHandler,14, LD
org.apache.tools.ant.helper.ProjectHelper2$ElementHandler,org.apache.tools.ant.helper.ProjectHelper2$TargetHandler,14, LD
org.apache.tools.ant.taskdefs.Zip,org.apache.tools.ant.taskdefs.Jar,33, LD
org.apache.tools.ant.taskdefs.Zip,org.apache.tools.ant.taskdefs.Jar$FilesetManifestConfig,33, LD
org.apache.tools.ant.taskdefs.Zip,org.apache.tools.ant.taskdefs.Zip$WhenEmpty,56, LD
org.apache.tools.ant.taskdefs.Zip,org.apache.tools.ant.taskdefs.Zip$Duplicate,56, LD
org.apache.tools.ant.taskdefs.Zip,org.apache.tools.ant.taskdefs.Zip$ArchiveState,56, LD
org.apache.tools.ant.taskdefs.Ant$Reference,org.apache.tools.ant.taskdefs.Ant,50, LD
org.apache.tools.ant.taskdefs.Javadoc$AccessType,org.apache.tools.ant.taskdefs.Javadoc,40, LD
org.apache.tools.ant.taskdefs.Javadoc$AccessType,org.apache.tools.ant.taskdefs.Javadoc$DocletParam,40, LD
org.apache.tools.ant.taskdefs.Javadoc$AccessType,org.apache.tools.ant.taskdefs.Javadoc$ExtensionInfo,40, LD
org.apache.tools.ant.taskdefs.Javadoc$AccessType,org.apache.tools.ant.taskdefs.Javadoc$DocletInfo,40, LD
org.apache.tools.ant.taskdefs.Javadoc$AccessType,org.apache.tools.ant.taskdefs.Javadoc$PackageName,40, LD
org.apache.tools.ant.taskdefs.Javadoc$AccessType,org.apache.tools.ant.taskdefs.Javadoc$SourceFile,40, LD
org.apache.tools.ant.taskdefs.Javadoc$AccessType,org.apache.tools.ant.taskdefs.Javadoc$Html,40, LD
org.apache.tools.ant.taskdefs.Javadoc$AccessType,org.apache.tools.ant.taskdefs.Javadoc$LinkArgument,40, LD
org.apache.tools.ant.taskdefs.Javadoc$AccessType,org.apache.tools.ant.taskdefs.Javadoc$TagArgument,40, LD
org.apache.tools.ant.taskdefs.Javadoc$AccessType,org.apache.tools.ant.taskdefs.Javadoc$GroupArgument,40, LD
org.apache.tools.ant.taskdefs.Javadoc$AccessType,org.apache.tools.ant.taskdefs.Javadoc$JavadocOutputStream,40, LD
org.apache.tools.ant.helper.ProjectHelper2$RootHandler,org.apache.tools.ant.helper.ProjectHelper2,14, LD
org.apache.tools.ant.helper.ProjectHelper2$RootHandler,org.apache.tools.ant.helper.ProjectHelper2$AntHandler,14, LD
org.apache.tools.ant.helper.ProjectHelper2$RootHandler,org.apache.tools.ant.helper.ProjectHelper2$MainHandler,14, LD
org.apache.tools.ant.helper.ProjectHelper2$RootHandler,org.apache.tools.ant.helper.ProjectHelper2$ProjectHandler,14, LD
org.apache.tools.ant.helper.ProjectHelper2$RootHandler,org.apache.tools.ant.helper.ProjectHelper2$TargetHandler,14, LD
org.apache.tools.ant.helper.ProjectHelper2$RootHandler,org.apache.tools.ant.helper.ProjectHelper2$ElementHandler,14, LD
org.apache.tools.ant.AntClassLoader$ResourceEnumeration,org.apache.tools.ant.AntClassLoader,39, LD
org.apache.tools.ant.taskdefs.Javadoc$DocletParam,org.apache.tools.ant.taskdefs.Javadoc,40, LD
org.apache.tools.ant.taskdefs.Javadoc$DocletParam,org.apache.tools.ant.taskdefs.Javadoc$ExtensionInfo,40, LD
org.apache.tools.ant.taskdefs.Javadoc$DocletParam,org.apache.tools.ant.taskdefs.Javadoc$DocletInfo,40, LD
org.apache.tools.ant.taskdefs.Javadoc$DocletParam,org.apache.tools.ant.taskdefs.Javadoc$PackageName,40, LD
org.apache.tools.ant.taskdefs.Javadoc$DocletParam,org.apache.tools.ant.taskdefs.Javadoc$SourceFile,40, LD
org.apache.tools.ant.taskdefs.Javadoc$DocletParam,org.apache.tools.ant.taskdefs.Javadoc$Html,40, LD
org.apache.tools.ant.taskdefs.Javadoc$DocletParam,org.apache.tools.ant.taskdefs.Javadoc$AccessType,40, LD
org.apache.tools.ant.taskdefs.Javadoc$DocletParam,org.apache.tools.ant.taskdefs.Javadoc$LinkArgument,40, LD
org.apache.tools.ant.taskdefs.Javadoc$DocletParam,org.apache.tools.ant.taskdefs.Javadoc$TagArgument,40, LD
org.apache.tools.ant.taskdefs.Javadoc$DocletParam,org.apache.tools.ant.taskdefs.Javadoc$GroupArgument,40, LD
org.apache.tools.ant.taskdefs.Javadoc$DocletParam,org.apache.tools.ant.taskdefs.Javadoc$JavadocOutputStream,40, LD
org.apache.tools.ant.taskdefs.Definer,org.apache.tools.ant.taskdefs.Definer$OnError,20, LD
org.apache.tools.ant.taskdefs.Definer,org.apache.tools.ant.taskdefs.Definer$Format,20, LD
org.apache.tools.ant.taskdefs.rmic.DefaultRmicAdapter$RmicFileNameMapper,org.apache.tools.ant.taskdefs.rmic.DefaultRmicAdapter,15, LD
org.apache.tools.ant.taskdefs.Jar,org.apache.tools.ant.taskdefs.Jar$FilesetManifestConfig,42, LD
org.apache.tools.ant.taskdefs.Jar,org.apache.tools.ant.taskdefs.Zip,33, LD
org.apache.tools.ant.taskdefs.Jar,org.apache.tools.ant.taskdefs.Zip$WhenEmpty,33, LD
org.apache.tools.ant.taskdefs.Jar,org.apache.tools.ant.taskdefs.Zip$Duplicate,33, LD
org.apache.tools.ant.taskdefs.Jar,org.apache.tools.ant.taskdefs.Zip$ArchiveState,33, LD
org.apache.tools.ant.taskdefs.Javadoc$ExtensionInfo,org.apache.tools.ant.taskdefs.Javadoc,40, LD
org.apache.tools.ant.taskdefs.Javadoc$ExtensionInfo,org.apache.tools.ant.taskdefs.Javadoc$DocletParam,40, LD
org.apache.tools.ant.taskdefs.Javadoc$ExtensionInfo,org.apache.tools.ant.taskdefs.Javadoc$DocletInfo,40, LD
org.apache.tools.ant.taskdefs.Javadoc$ExtensionInfo,org.apache.tools.ant.taskdefs.Javadoc$PackageName,40, LD
org.apache.tools.ant.taskdefs.Javadoc$ExtensionInfo,org.apache.tools.ant.taskdefs.Javadoc$SourceFile,40, LD
org.apache.tools.ant.taskdefs.Javadoc$ExtensionInfo,org.apache.tools.ant.taskdefs.Javadoc$Html,40, LD
org.apache.tools.ant.taskdefs.Javadoc$ExtensionInfo,org.apache.tools.ant.taskdefs.Javadoc$AccessType,40, LD
org.apache.tools.ant.taskdefs.Javadoc$ExtensionInfo,org.apache.tools.ant.taskdefs.Javadoc$LinkArgument,40, LD
org.apache.tools.ant.taskdefs.Javadoc$ExtensionInfo,org.apache.tools.ant.taskdefs.Javadoc$TagArgument,40, LD
org.apache.tools.ant.taskdefs.Javadoc$ExtensionInfo,org.apache.tools.ant.taskdefs.Javadoc$GroupArgument,40, LD
org.apache.tools.ant.taskdefs.Javadoc$ExtensionInfo,org.apache.tools.ant.taskdefs.Javadoc$JavadocOutputStream,40, LD
org.apache.tools.ant.XmlLogger$TimedElement,org.apache.tools.ant.XmlLogger,14, LD
org.apache.tools.ant.taskdefs.Javadoc$LinkArgument,org.apache.tools.ant.taskdefs.Javadoc,40, LD
org.apache.tools.ant.taskdefs.Javadoc$LinkArgument,org.apache.tools.ant.taskdefs.Javadoc$DocletParam,40, LD
org.apache.tools.ant.taskdefs.Javadoc$LinkArgument,org.apache.tools.ant.taskdefs.Javadoc$ExtensionInfo,40, LD
org.apache.tools.ant.taskdefs.Javadoc$LinkArgument,org.apache.tools.ant.taskdefs.Javadoc$DocletInfo,40, LD
org.apache.tools.ant.taskdefs.Javadoc$LinkArgument,org.apache.tools.ant.taskdefs.Javadoc$PackageName,40, LD
org.apache.tools.ant.taskdefs.Javadoc$LinkArgument,org.apache.tools.ant.taskdefs.Javadoc$SourceFile,40, LD
org.apache.tools.ant.taskdefs.Javadoc$LinkArgument,org.apache.tools.ant.taskdefs.Javadoc$Html,40, LD
org.apache.tools.ant.taskdefs.Javadoc$LinkArgument,org.apache.tools.ant.taskdefs.Javadoc$AccessType,40, LD
org.apache.tools.ant.taskdefs.Javadoc$LinkArgument,org.apache.tools.ant.taskdefs.Javadoc$TagArgument,40, LD
org.apache.tools.ant.taskdefs.Javadoc$LinkArgument,org.apache.tools.ant.taskdefs.Javadoc$GroupArgument,40, LD
org.apache.tools.ant.taskdefs.Javadoc$LinkArgument,org.apache.tools.ant.taskdefs.Javadoc$JavadocOutputStream,40, LD
org.apache.tools.ant.taskdefs.Available,org.apache.tools.ant.taskdefs.Available$FileDir,19, LD
org.apache.tools.ant.taskdefs.Rmic$ImplementationSpecificArgument,org.apache.tools.ant.taskdefs.Rmic,20, LD
org.apache.tools.ant.Project,org.apache.tools.ant.Project$AntRefTable,92, LD
