com.google.gson.internal.bind.JsonAdapterAnnotationTypeAdapterFactory,com.google.gson.internal.bind.ReflectiveTypeAdapterFactory$BoundField,9, LD
com.google.gson.internal.bind.JsonAdapterAnnotationTypeAdapterFactory,com.google.gson.internal.bind.ReflectiveTypeAdapterFactory$Adapter,9, LD
com.google.gson.internal.bind.JsonAdapterAnnotationTypeAdapterFactory,com.google.gson.internal.bind.ReflectiveTypeAdapterFactory$FieldReflectionAdapter,9, LD
com.google.gson.internal.bind.JsonAdapterAnnotationTypeAdapterFactory,com.google.gson.internal.bind.ReflectiveTypeAdapterFactory$RecordAdapter,9, LD
com.google.gson.internal.bind.JsonAdapterAnnotationTypeAdapterFactory,com.google.gson.annotations.JsonAdapter,8, LD
com.google.gson.internal.bind.JsonAdapterAnnotationTypeAdapterFactory,com.google.gson.Gson,8, LD
com.google.gson.internal.bind.JsonAdapterAnnotationTypeAdapterFactory,com.google.gson.Gson$FutureTypeAdapter,8, LD
com.google.gson.internal.bind.JsonAdapterAnnotationTypeAdapterFactory,com.google.gson.internal.bind.ReflectiveTypeAdapterFactory,9, LD
com.google.gson.internal.bind.JsonTreeWriter,com.google.gson.stream.JsonWriter,6, LD
com.google.gson.internal.bind.ObjectTypeAdapter,com.google.gson.internal.bind.TypeAdapters,6, LD
com.google.gson.internal.bind.ObjectTypeAdapter,com.google.gson.internal.bind.TypeAdapters$EnumTypeAdapter,6, LD
com.google.gson.internal.bind.ObjectTypeAdapter,com.google.gson.Gson,6, LD
com.google.gson.internal.bind.ObjectTypeAdapter,com.google.gson.Gson$FutureTypeAdapter,6, LD
com.google.gson.internal.bind.ReflectiveTypeAdapterFactory$RecordAdapter,com.google.gson.internal.bind.ReflectiveTypeAdapterFactory$BoundField,43, LD
com.google.gson.internal.bind.ReflectiveTypeAdapterFactory$RecordAdapter,com.google.gson.internal.bind.ReflectiveTypeAdapterFactory$Adapter,43, LD
com.google.gson.internal.bind.ReflectiveTypeAdapterFactory$RecordAdapter,com.google.gson.internal.bind.ReflectiveTypeAdapterFactory$FieldReflectionAdapter,43, LD
com.google.gson.internal.bind.ReflectiveTypeAdapterFactory$RecordAdapter,com.google.gson.internal.bind.TypeAdapters,11, LD
com.google.gson.internal.bind.ReflectiveTypeAdapterFactory$RecordAdapter,com.google.gson.internal.bind.TypeAdapters$EnumTypeAdapter,11, LD
com.google.gson.internal.bind.ReflectiveTypeAdapterFactory$RecordAdapter,com.google.gson.Gson,21, LD
com.google.gson.internal.bind.ReflectiveTypeAdapterFactory$RecordAdapter,com.google.gson.Gson$FutureTypeAdapter,21, LD
com.google.gson.internal.bind.ReflectiveTypeAdapterFactory$RecordAdapter,com.google.gson.internal.bind.JsonAdapterAnnotationTypeAdapterFactory,9, LD
com.google.gson.internal.bind.ReflectiveTypeAdapterFactory$RecordAdapter,com.google.gson.internal.bind.MapTypeAdapterFactory,10, LD
com.google.gson.internal.bind.ReflectiveTypeAdapterFactory$RecordAdapter,com.google.gson.internal.bind.MapTypeAdapterFactory$Adapter,10, LD
com.google.gson.internal.bind.ReflectiveTypeAdapterFactory$RecordAdapter,com.google.gson.internal.bind.ReflectiveTypeAdapterFactory,43, LD
com.google.gson.JsonSerializer,com.google.gson.JsonDeserializer,4, LD
com.google.gson.ToNumberStrategy,com.google.gson.Gson,3, LD
com.google.gson.ToNumberStrategy,com.google.gson.Gson$FutureTypeAdapter,3, LD
com.google.gson.ToNumberStrategy,com.google.gson.GsonBuilder,3, LD
com.google.gson.internal.bind.ReflectiveTypeAdapterFactory,com.google.gson.internal.bind.ReflectiveTypeAdapterFactory$BoundField,43, LD
com.google.gson.internal.bind.ReflectiveTypeAdapterFactory,com.google.gson.internal.bind.ReflectiveTypeAdapterFactory$Adapter,43, LD
com.google.gson.internal.bind.ReflectiveTypeAdapterFactory,com.google.gson.internal.bind.ReflectiveTypeAdapterFactory$FieldReflectionAdapter,43, LD
com.google.gson.internal.bind.ReflectiveTypeAdapterFactory,com.google.gson.internal.bind.ReflectiveTypeAdapterFactory$RecordAdapter,43, LD
com.google.gson.internal.bind.ReflectiveTypeAdapterFactory,com.google.gson.internal.bind.TypeAdapters,11, LD
com.google.gson.internal.bind.ReflectiveTypeAdapterFactory,com.google.gson.internal.bind.TypeAdapters$EnumTypeAdapter,11, LD
com.google.gson.internal.bind.ReflectiveTypeAdapterFactory,com.google.gson.Gson,21, LD
com.google.gson.internal.bind.ReflectiveTypeAdapterFactory,com.google.gson.Gson$FutureTypeAdapter,21, LD
com.google.gson.internal.bind.ReflectiveTypeAdapterFactory,com.google.gson.internal.bind.JsonAdapterAnnotationTypeAdapterFactory,9, LD
com.google.gson.internal.bind.ReflectiveTypeAdapterFactory,com.google.gson.internal.bind.MapTypeAdapterFactory,10, LD
com.google.gson.internal.bind.ReflectiveTypeAdapterFactory,com.google.gson.internal.bind.MapTypeAdapterFactory$Adapter,10, LD
com.google.gson.internal.LinkedTreeMap$LinkedTreeMapIterator,com.google.gson.internal.LinkedTreeMap,15, LD
com.google.gson.internal.LinkedTreeMap$LinkedTreeMapIterator,com.google.gson.internal.LinkedTreeMap$Node,15, LD
com.google.gson.internal.LinkedTreeMap$LinkedTreeMapIterator,com.google.gson.internal.LinkedTreeMap$EntrySet,15, LD
com.google.gson.internal.LinkedTreeMap$LinkedTreeMapIterator,com.google.gson.internal.LinkedTreeMap$KeySet,15, LD
com.google.gson.internal.bind.MapTypeAdapterFactory$Adapter,com.google.gson.internal.bind.ReflectiveTypeAdapterFactory$BoundField,10, LD
com.google.gson.internal.bind.MapTypeAdapterFactory$Adapter,com.google.gson.internal.bind.ReflectiveTypeAdapterFactory$Adapter,10, LD
com.google.gson.internal.bind.MapTypeAdapterFactory$Adapter,com.google.gson.internal.bind.ReflectiveTypeAdapterFactory$FieldReflectionAdapter,10, LD
com.google.gson.internal.bind.MapTypeAdapterFactory$Adapter,com.google.gson.internal.bind.ReflectiveTypeAdapterFactory$RecordAdapter,10, LD
com.google.gson.internal.bind.MapTypeAdapterFactory$Adapter,com.google.gson.Gson,11, LD
com.google.gson.internal.bind.MapTypeAdapterFactory$Adapter,com.google.gson.Gson$FutureTypeAdapter,11, LD
com.google.gson.internal.bind.MapTypeAdapterFactory$Adapter,com.google.gson.internal.bind.ArrayTypeAdapter,8, LD
com.google.gson.internal.bind.MapTypeAdapterFactory$Adapter,com.google.gson.internal.bind.CollectionTypeAdapterFactory,8, LD
com.google.gson.internal.bind.MapTypeAdapterFactory$Adapter,com.google.gson.internal.bind.CollectionTypeAdapterFactory$Adapter,8, LD
com.google.gson.internal.bind.MapTypeAdapterFactory$Adapter,com.google.gson.internal.bind.MapTypeAdapterFactory,22, LD
com.google.gson.internal.bind.MapTypeAdapterFactory$Adapter,com.google.gson.internal.bind.ReflectiveTypeAdapterFactory,10, LD
com.google.gson.annotations.JsonAdapter,com.google.gson.internal.bind.JsonAdapterAnnotationTypeAdapterFactory,8, LD
com.google.gson.internal.Streams$AppendableWriter,com.google.gson.Gson,7, LD
com.google.gson.internal.Streams$AppendableWriter,com.google.gson.Gson$FutureTypeAdapter,7, LD
com.google.gson.internal.Streams$AppendableWriter,com.google.gson.internal.Streams,17, LD
com.google.gson.TypeAdapter,com.google.gson.Gson,8, LD
com.google.gson.TypeAdapter,com.google.gson.Gson$FutureTypeAdapter,8, LD
com.google.gson.TypeAdapter,com.google.gson.internal.bind.MapTypeAdapterFactory,6, LD
com.google.gson.TypeAdapter,com.google.gson.internal.bind.MapTypeAdapterFactory$Adapter,6, LD
com.google.gson.internal.bind.ArrayTypeAdapter,com.google.gson.internal.bind.ReflectiveTypeAdapterFactory$BoundField,7, LD
com.google.gson.internal.bind.ArrayTypeAdapter,com.google.gson.internal.bind.ReflectiveTypeAdapterFactory$Adapter,7, LD
com.google.gson.internal.bind.ArrayTypeAdapter,com.google.gson.internal.bind.ReflectiveTypeAdapterFactory$FieldReflectionAdapter,7, LD
com.google.gson.internal.bind.ArrayTypeAdapter,com.google.gson.internal.bind.ReflectiveTypeAdapterFactory$RecordAdapter,7, LD
com.google.gson.internal.bind.ArrayTypeAdapter,com.google.gson.internal.bind.TypeAdapters,9, LD
com.google.gson.internal.bind.ArrayTypeAdapter,com.google.gson.internal.bind.TypeAdapters$EnumTypeAdapter,9, LD
com.google.gson.internal.bind.ArrayTypeAdapter,com.google.gson.Gson,11, LD
com.google.gson.internal.bind.ArrayTypeAdapter,com.google.gson.Gson$FutureTypeAdapter,11, LD
com.google.gson.internal.bind.ArrayTypeAdapter,com.google.gson.internal.bind.CollectionTypeAdapterFactory,7, LD
com.google.gson.internal.bind.ArrayTypeAdapter,com.google.gson.internal.bind.CollectionTypeAdapterFactory$Adapter,7, LD
com.google.gson.internal.bind.ArrayTypeAdapter,com.google.gson.internal.bind.MapTypeAdapterFactory,8, LD
com.google.gson.internal.bind.ArrayTypeAdapter,com.google.gson.internal.bind.MapTypeAdapterFactory$Adapter,8, LD
com.google.gson.internal.bind.ArrayTypeAdapter,com.google.gson.internal.bind.ReflectiveTypeAdapterFactory,7, LD
com.google.gson.internal.bind.TreeTypeAdapter,com.google.gson.internal.bind.TreeTypeAdapter$SingleTypeFactory,10, LD
com.google.gson.internal.bind.TreeTypeAdapter,com.google.gson.internal.bind.TreeTypeAdapter$GsonContextImpl,10, LD
com.google.gson.internal.bind.TreeTypeAdapter,com.google.gson.Gson,7, LD
com.google.gson.internal.bind.TreeTypeAdapter,com.google.gson.Gson$FutureTypeAdapter,7, LD
com.google.gson.GsonBuilder,com.google.gson.Gson,46, LD
com.google.gson.GsonBuilder,com.google.gson.Gson$FutureTypeAdapter,46, LD
com.google.gson.internal.bind.ReflectiveTypeAdapterFactory$BoundField,com.google.gson.internal.bind.ReflectiveTypeAdapterFactory$Adapter,43, LD
com.google.gson.internal.bind.ReflectiveTypeAdapterFactory$BoundField,com.google.gson.internal.bind.ReflectiveTypeAdapterFactory$FieldReflectionAdapter,43, LD
com.google.gson.internal.bind.ReflectiveTypeAdapterFactory$BoundField,com.google.gson.internal.bind.ReflectiveTypeAdapterFactory$RecordAdapter,43, LD
com.google.gson.internal.bind.ReflectiveTypeAdapterFactory$BoundField,com.google.gson.internal.bind.TypeAdapters,11, LD
com.google.gson.internal.bind.ReflectiveTypeAdapterFactory$BoundField,com.google.gson.internal.bind.TypeAdapters$EnumTypeAdapter,11, LD
com.google.gson.internal.bind.ReflectiveTypeAdapterFactory$BoundField,com.google.gson.Gson,21, LD
com.google.gson.internal.bind.ReflectiveTypeAdapterFactory$BoundField,com.google.gson.Gson$FutureTypeAdapter,21, LD
com.google.gson.internal.bind.ReflectiveTypeAdapterFactory$BoundField,com.google.gson.internal.bind.JsonAdapterAnnotationTypeAdapterFactory,9, LD
com.google.gson.internal.bind.ReflectiveTypeAdapterFactory$BoundField,com.google.gson.internal.bind.MapTypeAdapterFactory,10, LD
com.google.gson.internal.bind.ReflectiveTypeAdapterFactory$BoundField,com.google.gson.internal.bind.MapTypeAdapterFactory$Adapter,10, LD
com.google.gson.internal.bind.ReflectiveTypeAdapterFactory$BoundField,com.google.gson.internal.bind.ReflectiveTypeAdapterFactory,43, LD
com.google.gson.JsonDeserializationContext,com.google.gson.JsonSerializationContext,6, LD
com.google.gson.JsonDeserializationContext,com.google.gson.Gson$FutureTypeAdapter,5, LD
com.google.gson.JsonDeserializationContext,com.google.gson.Gson,5, LD
com.google.gson.Gson,com.google.gson.Gson$FutureTypeAdapter,170, LD
com.google.gson.Gson,com.google.gson.GsonBuilder,46, LD
com.google.gson.Gson,com.google.gson.internal.bind.ReflectiveTypeAdapterFactory,21, LD
com.google.gson.Gson,com.google.gson.internal.bind.ReflectiveTypeAdapterFactory$BoundField,21, LD
com.google.gson.Gson,com.google.gson.internal.bind.ReflectiveTypeAdapterFactory$Adapter,21, LD
com.google.gson.Gson,com.google.gson.internal.bind.ReflectiveTypeAdapterFactory$FieldReflectionAdapter,21, LD
com.google.gson.Gson,com.google.gson.internal.bind.ReflectiveTypeAdapterFactory$RecordAdapter,21, LD
com.google.gson.Gson,com.google.gson.internal.bind.TypeAdapters,37, LD
com.google.gson.Gson,com.google.gson.internal.bind.TypeAdapters$EnumTypeAdapter,37, LD
com.google.gson.internal.reflect.ReflectionHelper$RecordSupportedHelper,com.google.gson.internal.bind.ReflectiveTypeAdapterFactory$BoundField,6, LD
com.google.gson.internal.reflect.ReflectionHelper$RecordSupportedHelper,com.google.gson.internal.bind.ReflectiveTypeAdapterFactory$Adapter,6, LD
com.google.gson.internal.reflect.ReflectionHelper$RecordSupportedHelper,com.google.gson.internal.bind.ReflectiveTypeAdapterFactory$FieldReflectionAdapter,6, LD
com.google.gson.internal.reflect.ReflectionHelper$RecordSupportedHelper,com.google.gson.internal.bind.ReflectiveTypeAdapterFactory$RecordAdapter,6, LD
com.google.gson.internal.reflect.ReflectionHelper$RecordSupportedHelper,com.google.gson.internal.reflect.ReflectionHelper,6, LD
com.google.gson.internal.reflect.ReflectionHelper$RecordSupportedHelper,com.google.gson.internal.reflect.ReflectionHelper$RecordHelper,6, LD
com.google.gson.internal.reflect.ReflectionHelper$RecordSupportedHelper,com.google.gson.internal.reflect.ReflectionHelper$RecordNotSupportedHelper,6, LD
com.google.gson.internal.reflect.ReflectionHelper$RecordSupportedHelper,com.google.gson.internal.bind.ReflectiveTypeAdapterFactory,6, LD
com.google.gson.internal.LinkedTreeMap,com.google.gson.internal.LinkedTreeMap$Node,15, LD
com.google.gson.internal.LinkedTreeMap,com.google.gson.internal.LinkedTreeMap$LinkedTreeMapIterator,15, LD
com.google.gson.internal.LinkedTreeMap,com.google.gson.internal.LinkedTreeMap$EntrySet,15, LD
com.google.gson.internal.LinkedTreeMap,com.google.gson.internal.LinkedTreeMap$KeySet,15, LD
com.google.gson.internal.sql.SqlTimeTypeAdapter,com.google.gson.internal.bind.TypeAdapters,3, LD
com.google.gson.internal.sql.SqlTimeTypeAdapter,com.google.gson.internal.bind.TypeAdapters$EnumTypeAdapter,3, LD
com.google.gson.internal.sql.SqlTimeTypeAdapter,com.google.gson.internal.sql.SqlDateTypeAdapter,3, LD
com.google.gson.internal.sql.SqlTimeTypeAdapter,com.google.gson.internal.bind.DefaultDateTypeAdapter,3, LD
com.google.gson.internal.sql.SqlTimeTypeAdapter,com.google.gson.internal.bind.DefaultDateTypeAdapter$DateType,3, LD
com.google.gson.internal.bind.TypeAdapters,com.google.gson.internal.bind.ReflectiveTypeAdapterFactory$BoundField,11, LD
com.google.gson.internal.bind.TypeAdapters,com.google.gson.internal.bind.ReflectiveTypeAdapterFactory$Adapter,11, LD
com.google.gson.internal.bind.TypeAdapters,com.google.gson.internal.bind.ReflectiveTypeAdapterFactory$FieldReflectionAdapter,11, LD
com.google.gson.internal.bind.TypeAdapters,com.google.gson.internal.bind.ReflectiveTypeAdapterFactory$RecordAdapter,11, LD
com.google.gson.internal.bind.TypeAdapters,com.google.gson.internal.bind.TypeAdapters$EnumTypeAdapter,68, LD
com.google.gson.internal.bind.TypeAdapters,com.google.gson.Gson,37, LD
com.google.gson.internal.bind.TypeAdapters,com.google.gson.Gson$FutureTypeAdapter,37, LD
com.google.gson.internal.bind.TypeAdapters,com.google.gson.internal.bind.ReflectiveTypeAdapterFactory,11, LD
com.google.gson.internal.bind.MapTypeAdapterFactory,com.google.gson.internal.bind.ReflectiveTypeAdapterFactory$BoundField,10, LD
com.google.gson.internal.bind.MapTypeAdapterFactory,com.google.gson.internal.bind.ReflectiveTypeAdapterFactory$Adapter,10, LD
com.google.gson.internal.bind.MapTypeAdapterFactory,com.google.gson.internal.bind.ReflectiveTypeAdapterFactory$FieldReflectionAdapter,10, LD
com.google.gson.internal.bind.MapTypeAdapterFactory,com.google.gson.internal.bind.ReflectiveTypeAdapterFactory$RecordAdapter,10, LD
com.google.gson.internal.bind.MapTypeAdapterFactory,com.google.gson.Gson,11, LD
com.google.gson.internal.bind.MapTypeAdapterFactory,com.google.gson.Gson$FutureTypeAdapter,11, LD
com.google.gson.internal.bind.MapTypeAdapterFactory,com.google.gson.internal.bind.ArrayTypeAdapter,8, LD
com.google.gson.internal.bind.MapTypeAdapterFactory,com.google.gson.internal.bind.CollectionTypeAdapterFactory,8, LD
com.google.gson.internal.bind.MapTypeAdapterFactory,com.google.gson.internal.bind.CollectionTypeAdapterFactory$Adapter,8, LD
com.google.gson.internal.bind.MapTypeAdapterFactory,com.google.gson.internal.bind.MapTypeAdapterFactory$Adapter,22, LD
com.google.gson.internal.bind.MapTypeAdapterFactory,com.google.gson.internal.bind.ReflectiveTypeAdapterFactory,10, LD
com.google.gson.internal.LinkedTreeMap$Node,com.google.gson.internal.LinkedTreeMap,15, LD
com.google.gson.internal.LinkedTreeMap$Node,com.google.gson.internal.LinkedTreeMap$LinkedTreeMapIterator,15, LD
com.google.gson.internal.LinkedTreeMap$Node,com.google.gson.internal.LinkedTreeMap$EntrySet,15, LD
com.google.gson.internal.LinkedTreeMap$Node,com.google.gson.internal.LinkedTreeMap$KeySet,15, LD
com.google.gson.internal.bind.DefaultDateTypeAdapter,com.google.gson.Gson,4, LD
com.google.gson.internal.bind.DefaultDateTypeAdapter,com.google.gson.Gson$FutureTypeAdapter,4, LD
com.google.gson.internal.bind.DefaultDateTypeAdapter,com.google.gson.internal.bind.DefaultDateTypeAdapter$DateType,6, LD
com.google.gson.internal.$Gson$Types,com.google.gson.internal.bind.TypeAdapters,7, LD
com.google.gson.internal.$Gson$Types,com.google.gson.internal.bind.TypeAdapters$EnumTypeAdapter,7, LD
com.google.gson.internal.$Gson$Types,com.google.gson.Gson,8, LD
com.google.gson.internal.$Gson$Types,com.google.gson.Gson$FutureTypeAdapter,8, LD
com.google.gson.internal.$Gson$Types,com.google.gson.internal.$Gson$Types$ParameterizedTypeImpl,27, LD
com.google.gson.internal.$Gson$Types,com.google.gson.internal.$Gson$Types$GenericArrayTypeImpl,27, LD
com.google.gson.internal.$Gson$Types,com.google.gson.internal.$Gson$Types$WildcardTypeImpl,27, LD
com.google.gson.JsonDeserializer,com.google.gson.JsonSerializer,4, LD
com.google.gson.internal.$Gson$Types$GenericArrayTypeImpl,com.google.gson.internal.bind.TypeAdapters,7, LD
com.google.gson.internal.$Gson$Types$GenericArrayTypeImpl,com.google.gson.internal.bind.TypeAdapters$EnumTypeAdapter,7, LD
com.google.gson.internal.$Gson$Types$GenericArrayTypeImpl,com.google.gson.Gson,8, LD
com.google.gson.internal.$Gson$Types$GenericArrayTypeImpl,com.google.gson.Gson$FutureTypeAdapter,8, LD
com.google.gson.internal.$Gson$Types$GenericArrayTypeImpl,com.google.gson.internal.$Gson$Types,27, LD
com.google.gson.internal.$Gson$Types$GenericArrayTypeImpl,com.google.gson.internal.$Gson$Types$ParameterizedTypeImpl,27, LD
com.google.gson.internal.$Gson$Types$GenericArrayTypeImpl,com.google.gson.internal.$Gson$Types$WildcardTypeImpl,27, LD
com.google.gson.annotations.SerializedName,com.google.gson.annotations.Expose,4, LD
com.google.gson.annotations.SerializedName,com.google.gson.annotations.Since,4, LD
com.google.gson.annotations.SerializedName,com.google.gson.annotations.Until,5, LD
com.google.gson.internal.reflect.ReflectionHelper$RecordNotSupportedHelper,com.google.gson.internal.bind.ReflectiveTypeAdapterFactory$BoundField,6, LD
com.google.gson.internal.reflect.ReflectionHelper$RecordNotSupportedHelper,com.google.gson.internal.bind.ReflectiveTypeAdapterFactory$Adapter,6, LD
com.google.gson.internal.reflect.ReflectionHelper$RecordNotSupportedHelper,com.google.gson.internal.bind.ReflectiveTypeAdapterFactory$FieldReflectionAdapter,6, LD
com.google.gson.internal.reflect.ReflectionHelper$RecordNotSupportedHelper,com.google.gson.internal.bind.ReflectiveTypeAdapterFactory$RecordAdapter,6, LD
com.google.gson.internal.reflect.ReflectionHelper$RecordNotSupportedHelper,com.google.gson.internal.reflect.ReflectionHelper,6, LD
com.google.gson.internal.reflect.ReflectionHelper$RecordNotSupportedHelper,com.google.gson.internal.reflect.ReflectionHelper$RecordHelper,6, LD
com.google.gson.internal.reflect.ReflectionHelper$RecordNotSupportedHelper,com.google.gson.internal.reflect.ReflectionHelper$RecordSupportedHelper,6, LD
com.google.gson.internal.reflect.ReflectionHelper$RecordNotSupportedHelper,com.google.gson.internal.bind.ReflectiveTypeAdapterFactory,6, LD
com.google.gson.internal.bind.ReflectiveTypeAdapterFactory$FieldReflectionAdapter,com.google.gson.internal.bind.ReflectiveTypeAdapterFactory$BoundField,43, LD
com.google.gson.internal.bind.ReflectiveTypeAdapterFactory$FieldReflectionAdapter,com.google.gson.internal.bind.ReflectiveTypeAdapterFactory$Adapter,43, LD
com.google.gson.internal.bind.ReflectiveTypeAdapterFactory$FieldReflectionAdapter,com.google.gson.internal.bind.ReflectiveTypeAdapterFactory$RecordAdapter,43, LD
com.google.gson.internal.bind.ReflectiveTypeAdapterFactory$FieldReflectionAdapter,com.google.gson.internal.bind.TypeAdapters,11, LD
com.google.gson.internal.bind.ReflectiveTypeAdapterFactory$FieldReflectionAdapter,com.google.gson.internal.bind.TypeAdapters$EnumTypeAdapter,11, LD
com.google.gson.internal.bind.ReflectiveTypeAdapterFactory$FieldReflectionAdapter,com.google.gson.Gson,21, LD
com.google.gson.internal.bind.ReflectiveTypeAdapterFactory$FieldReflectionAdapter,com.google.gson.Gson$FutureTypeAdapter,21, LD
com.google.gson.internal.bind.ReflectiveTypeAdapterFactory$FieldReflectionAdapter,com.google.gson.internal.bind.JsonAdapterAnnotationTypeAdapterFactory,9, LD
com.google.gson.internal.bind.ReflectiveTypeAdapterFactory$FieldReflectionAdapter,com.google.gson.internal.bind.MapTypeAdapterFactory,10, LD
com.google.gson.internal.bind.ReflectiveTypeAdapterFactory$FieldReflectionAdapter,com.google.gson.internal.bind.MapTypeAdapterFactory$Adapter,10, LD
com.google.gson.internal.bind.ReflectiveTypeAdapterFactory$FieldReflectionAdapter,com.google.gson.internal.bind.ReflectiveTypeAdapterFactory,43, LD
com.google.gson.JsonNull,com.google.gson.JsonObject,15, LD
com.google.gson.JsonNull,com.google.gson.JsonPrimitive,12, LD
com.google.gson.JsonNull,com.google.gson.JsonArray,12, LD
com.google.gson.JsonNull,com.google.gson.JsonElement,10, LD
com.google.gson.internal.$Gson$Types$ParameterizedTypeImpl,com.google.gson.internal.bind.TypeAdapters,7, LD
com.google.gson.internal.$Gson$Types$ParameterizedTypeImpl,com.google.gson.internal.bind.TypeAdapters$EnumTypeAdapter,7, LD
com.google.gson.internal.$Gson$Types$ParameterizedTypeImpl,com.google.gson.Gson,8, LD
com.google.gson.internal.$Gson$Types$ParameterizedTypeImpl,com.google.gson.Gson$FutureTypeAdapter,8, LD
com.google.gson.internal.$Gson$Types$ParameterizedTypeImpl,com.google.gson.internal.$Gson$Types,27, LD
com.google.gson.internal.$Gson$Types$ParameterizedTypeImpl,com.google.gson.internal.$Gson$Types$GenericArrayTypeImpl,27, LD
com.google.gson.internal.$Gson$Types$ParameterizedTypeImpl,com.google.gson.internal.$Gson$Types$WildcardTypeImpl,27, LD
com.google.gson.Gson$FutureTypeAdapter,com.google.gson.Gson,170, LD
com.google.gson.Gson$FutureTypeAdapter,com.google.gson.GsonBuilder,46, LD
com.google.gson.Gson$FutureTypeAdapter,com.google.gson.internal.bind.ReflectiveTypeAdapterFactory,21, LD
com.google.gson.Gson$FutureTypeAdapter,com.google.gson.internal.bind.ReflectiveTypeAdapterFactory$BoundField,21, LD
com.google.gson.Gson$FutureTypeAdapter,com.google.gson.internal.bind.ReflectiveTypeAdapterFactory$Adapter,21, LD
com.google.gson.Gson$FutureTypeAdapter,com.google.gson.internal.bind.ReflectiveTypeAdapterFactory$FieldReflectionAdapter,21, LD
com.google.gson.Gson$FutureTypeAdapter,com.google.gson.internal.bind.ReflectiveTypeAdapterFactory$RecordAdapter,21, LD
com.google.gson.Gson$FutureTypeAdapter,com.google.gson.internal.bind.TypeAdapters,37, LD
com.google.gson.Gson$FutureTypeAdapter,com.google.gson.internal.bind.TypeAdapters$EnumTypeAdapter,37, LD
com.google.gson.JsonElement,com.google.gson.JsonNull,10, LD
com.google.gson.JsonElement,com.google.gson.JsonObject,10, LD
com.google.gson.JsonElement,com.google.gson.JsonPrimitive,16, LD
com.google.gson.JsonElement,com.google.gson.JsonArray,14, LD
com.google.gson.stream.JsonReader,com.google.gson.stream.JsonWriter,11, LD
com.google.gson.stream.JsonReader,com.google.gson.Gson,11, LD
com.google.gson.stream.JsonReader,com.google.gson.Gson$FutureTypeAdapter,11, LD
com.google.gson.JsonParser,com.google.gson.Gson,13, LD
com.google.gson.JsonParser,com.google.gson.Gson$FutureTypeAdapter,13, LD
com.google.gson.internal.bind.TreeTypeAdapter$SingleTypeFactory,com.google.gson.internal.bind.TreeTypeAdapter,10, LD
com.google.gson.internal.bind.TreeTypeAdapter$SingleTypeFactory,com.google.gson.internal.bind.TreeTypeAdapter$GsonContextImpl,10, LD
com.google.gson.internal.bind.TreeTypeAdapter$SingleTypeFactory,com.google.gson.Gson,7, LD
com.google.gson.internal.bind.TreeTypeAdapter$SingleTypeFactory,com.google.gson.Gson$FutureTypeAdapter,7, LD
com.google.gson.annotations.Since,com.google.gson.annotations.Expose,4, LD
com.google.gson.annotations.Since,com.google.gson.annotations.SerializedName,4, LD
com.google.gson.annotations.Since,com.google.gson.annotations.Until,6, LD
com.google.gson.internal.bind.CollectionTypeAdapterFactory,com.google.gson.internal.bind.ReflectiveTypeAdapterFactory$BoundField,8, LD
com.google.gson.internal.bind.CollectionTypeAdapterFactory,com.google.gson.internal.bind.ReflectiveTypeAdapterFactory$Adapter,8, LD
com.google.gson.internal.bind.CollectionTypeAdapterFactory,com.google.gson.internal.bind.ReflectiveTypeAdapterFactory$FieldReflectionAdapter,8, LD
com.google.gson.internal.bind.CollectionTypeAdapterFactory,com.google.gson.internal.bind.ReflectiveTypeAdapterFactory$RecordAdapter,8, LD
com.google.gson.internal.bind.CollectionTypeAdapterFactory,com.google.gson.Gson,5, LD
com.google.gson.internal.bind.CollectionTypeAdapterFactory,com.google.gson.Gson$FutureTypeAdapter,5, LD
com.google.gson.internal.bind.CollectionTypeAdapterFactory,com.google.gson.internal.bind.ArrayTypeAdapter,7, LD
com.google.gson.internal.bind.CollectionTypeAdapterFactory,com.google.gson.internal.bind.CollectionTypeAdapterFactory$Adapter,9, LD
com.google.gson.internal.bind.CollectionTypeAdapterFactory,com.google.gson.internal.bind.MapTypeAdapterFactory,8, LD
com.google.gson.internal.bind.CollectionTypeAdapterFactory,com.google.gson.internal.bind.MapTypeAdapterFactory$Adapter,8, LD
com.google.gson.internal.bind.CollectionTypeAdapterFactory,com.google.gson.internal.bind.ReflectiveTypeAdapterFactory,8, LD
com.google.gson.internal.Streams,com.google.gson.Gson,7, LD
com.google.gson.internal.Streams,com.google.gson.Gson$FutureTypeAdapter,7, LD
com.google.gson.internal.Streams,com.google.gson.internal.Streams$AppendableWriter,17, LD
com.google.gson.internal.Excluder,com.google.gson.internal.bind.ReflectiveTypeAdapterFactory$BoundField,5, LD
com.google.gson.internal.Excluder,com.google.gson.internal.bind.ReflectiveTypeAdapterFactory$Adapter,5, LD
com.google.gson.internal.Excluder,com.google.gson.internal.bind.ReflectiveTypeAdapterFactory$FieldReflectionAdapter,5, LD
com.google.gson.internal.Excluder,com.google.gson.internal.bind.ReflectiveTypeAdapterFactory$RecordAdapter,5, LD
com.google.gson.internal.Excluder,com.google.gson.Gson,6, LD
com.google.gson.internal.Excluder,com.google.gson.Gson$FutureTypeAdapter,6, LD
com.google.gson.internal.Excluder,com.google.gson.internal.bind.ReflectiveTypeAdapterFactory,5, LD
com.google.gson.internal.bind.TypeAdapters$EnumTypeAdapter,com.google.gson.internal.bind.ReflectiveTypeAdapterFactory$BoundField,11, LD
com.google.gson.internal.bind.TypeAdapters$EnumTypeAdapter,com.google.gson.internal.bind.ReflectiveTypeAdapterFactory$Adapter,11, LD
com.google.gson.internal.bind.TypeAdapters$EnumTypeAdapter,com.google.gson.internal.bind.ReflectiveTypeAdapterFactory$FieldReflectionAdapter,11, LD
com.google.gson.internal.bind.TypeAdapters$EnumTypeAdapter,com.google.gson.internal.bind.ReflectiveTypeAdapterFactory$RecordAdapter,11, LD
com.google.gson.internal.bind.TypeAdapters$EnumTypeAdapter,com.google.gson.internal.bind.TypeAdapters,68, LD
com.google.gson.internal.bind.TypeAdapters$EnumTypeAdapter,com.google.gson.Gson,37, LD
com.google.gson.internal.bind.TypeAdapters$EnumTypeAdapter,com.google.gson.Gson$FutureTypeAdapter,37, LD
com.google.gson.internal.bind.TypeAdapters$EnumTypeAdapter,com.google.gson.internal.bind.ReflectiveTypeAdapterFactory,11, LD
com.google.gson.JsonObject,com.google.gson.JsonArray,21, LD
com.google.gson.JsonObject,com.google.gson.JsonElement,10, LD
com.google.gson.JsonObject,com.google.gson.JsonNull,15, LD
com.google.gson.JsonObject,com.google.gson.JsonPrimitive,17, LD
com.google.gson.internal.LinkedTreeMap$KeySet,com.google.gson.internal.LinkedTreeMap,15, LD
com.google.gson.internal.LinkedTreeMap$KeySet,com.google.gson.internal.LinkedTreeMap$Node,15, LD
com.google.gson.internal.LinkedTreeMap$KeySet,com.google.gson.internal.LinkedTreeMap$LinkedTreeMapIterator,15, LD
com.google.gson.internal.LinkedTreeMap$KeySet,com.google.gson.internal.LinkedTreeMap$EntrySet,15, LD
com.google.gson.stream.JsonWriter,com.google.gson.stream.JsonReader,11, LD
com.google.gson.stream.JsonWriter,com.google.gson.Gson,8, LD
com.google.gson.stream.JsonWriter,com.google.gson.Gson$FutureTypeAdapter,8, LD
com.google.gson.stream.JsonWriter,com.google.gson.GsonBuilder,9, LD
com.google.gson.annotations.Until,com.google.gson.annotations.Expose,4, LD
com.google.gson.annotations.Until,com.google.gson.annotations.SerializedName,5, LD
com.google.gson.annotations.Until,com.google.gson.annotations.Since,6, LD
com.google.gson.internal.bind.JsonTreeReader,com.google.gson.stream.JsonReader,6, LD
com.google.gson.internal.reflect.ReflectionHelper,com.google.gson.internal.bind.ReflectiveTypeAdapterFactory$BoundField,6, LD
com.google.gson.internal.reflect.ReflectionHelper,com.google.gson.internal.bind.ReflectiveTypeAdapterFactory$Adapter,6, LD
com.google.gson.internal.reflect.ReflectionHelper,com.google.gson.internal.bind.ReflectiveTypeAdapterFactory$FieldReflectionAdapter,6, LD
com.google.gson.internal.reflect.ReflectionHelper,com.google.gson.internal.bind.ReflectiveTypeAdapterFactory$RecordAdapter,6, LD
com.google.gson.internal.reflect.ReflectionHelper,com.google.gson.internal.reflect.ReflectionHelper$RecordHelper,6, LD
com.google.gson.internal.reflect.ReflectionHelper,com.google.gson.internal.reflect.ReflectionHelper$RecordSupportedHelper,6, LD
com.google.gson.internal.reflect.ReflectionHelper,com.google.gson.internal.reflect.ReflectionHelper$RecordNotSupportedHelper,6, LD
com.google.gson.internal.reflect.ReflectionHelper,com.google.gson.internal.bind.ReflectiveTypeAdapterFactory,6, LD
com.google.gson.JsonArray,com.google.gson.Gson,8, LD
com.google.gson.JsonArray,com.google.gson.Gson$FutureTypeAdapter,8, LD
com.google.gson.JsonArray,com.google.gson.JsonElement,14, LD
com.google.gson.JsonArray,com.google.gson.JsonNull,12, LD
com.google.gson.JsonArray,com.google.gson.JsonObject,21, LD
com.google.gson.JsonArray,com.google.gson.JsonPrimitive,18, LD
com.google.gson.FieldNamingStrategy,com.google.gson.GsonBuilder,4, LD
com.google.gson.FieldAttributes,com.google.gson.Gson,9, LD
com.google.gson.FieldAttributes,com.google.gson.Gson$FutureTypeAdapter,9, LD
com.google.gson.TypeAdapterFactory,com.google.gson.TypeAdapter,3, LD
com.google.gson.internal.bind.ReflectiveTypeAdapterFactory$Adapter,com.google.gson.internal.bind.ReflectiveTypeAdapterFactory$BoundField,43, LD
com.google.gson.internal.bind.ReflectiveTypeAdapterFactory$Adapter,com.google.gson.internal.bind.ReflectiveTypeAdapterFactory$FieldReflectionAdapter,43, LD
com.google.gson.internal.bind.ReflectiveTypeAdapterFactory$Adapter,com.google.gson.internal.bind.ReflectiveTypeAdapterFactory$RecordAdapter,43, LD
com.google.gson.internal.bind.ReflectiveTypeAdapterFactory$Adapter,com.google.gson.internal.bind.TypeAdapters,11, LD
com.google.gson.internal.bind.ReflectiveTypeAdapterFactory$Adapter,com.google.gson.internal.bind.TypeAdapters$EnumTypeAdapter,11, LD
com.google.gson.internal.bind.ReflectiveTypeAdapterFactory$Adapter,com.google.gson.Gson,21, LD
com.google.gson.internal.bind.ReflectiveTypeAdapterFactory$Adapter,com.google.gson.Gson$FutureTypeAdapter,21, LD
com.google.gson.internal.bind.ReflectiveTypeAdapterFactory$Adapter,com.google.gson.internal.bind.JsonAdapterAnnotationTypeAdapterFactory,9, LD
com.google.gson.internal.bind.ReflectiveTypeAdapterFactory$Adapter,com.google.gson.internal.bind.MapTypeAdapterFactory,10, LD
com.google.gson.internal.bind.ReflectiveTypeAdapterFactory$Adapter,com.google.gson.internal.bind.MapTypeAdapterFactory$Adapter,10, LD
com.google.gson.internal.bind.ReflectiveTypeAdapterFactory$Adapter,com.google.gson.internal.bind.ReflectiveTypeAdapterFactory,43, LD
com.google.gson.internal.bind.DefaultDateTypeAdapter$DateType,com.google.gson.Gson,4, LD
com.google.gson.internal.bind.DefaultDateTypeAdapter$DateType,com.google.gson.Gson$FutureTypeAdapter,4, LD
com.google.gson.internal.bind.DefaultDateTypeAdapter$DateType,com.google.gson.internal.bind.DefaultDateTypeAdapter,6, LD
com.google.gson.internal.LinkedTreeMap$EntrySet,com.google.gson.internal.LinkedTreeMap,15, LD
com.google.gson.internal.LinkedTreeMap$EntrySet,com.google.gson.internal.LinkedTreeMap$Node,15, LD
com.google.gson.internal.LinkedTreeMap$EntrySet,com.google.gson.internal.LinkedTreeMap$LinkedTreeMapIterator,15, LD
com.google.gson.internal.LinkedTreeMap$EntrySet,com.google.gson.internal.LinkedTreeMap$KeySet,15, LD
com.google.gson.internal.bind.CollectionTypeAdapterFactory$Adapter,com.google.gson.internal.bind.ReflectiveTypeAdapterFactory$BoundField,8, LD
com.google.gson.internal.bind.CollectionTypeAdapterFactory$Adapter,com.google.gson.internal.bind.ReflectiveTypeAdapterFactory$Adapter,8, LD
com.google.gson.internal.bind.CollectionTypeAdapterFactory$Adapter,com.google.gson.internal.bind.ReflectiveTypeAdapterFactory$FieldReflectionAdapter,8, LD
com.google.gson.internal.bind.CollectionTypeAdapterFactory$Adapter,com.google.gson.internal.bind.ReflectiveTypeAdapterFactory$RecordAdapter,8, LD
com.google.gson.internal.bind.CollectionTypeAdapterFactory$Adapter,com.google.gson.Gson,5, LD
com.google.gson.internal.bind.CollectionTypeAdapterFactory$Adapter,com.google.gson.Gson$FutureTypeAdapter,5, LD
com.google.gson.internal.bind.CollectionTypeAdapterFactory$Adapter,com.google.gson.internal.bind.ArrayTypeAdapter,7, LD
com.google.gson.internal.bind.CollectionTypeAdapterFactory$Adapter,com.google.gson.internal.bind.CollectionTypeAdapterFactory,9, LD
com.google.gson.internal.bind.CollectionTypeAdapterFactory$Adapter,com.google.gson.internal.bind.MapTypeAdapterFactory,8, LD
com.google.gson.internal.bind.CollectionTypeAdapterFactory$Adapter,com.google.gson.internal.bind.MapTypeAdapterFactory$Adapter,8, LD
com.google.gson.internal.bind.CollectionTypeAdapterFactory$Adapter,com.google.gson.internal.bind.ReflectiveTypeAdapterFactory,8, LD
com.google.gson.internal.bind.TreeTypeAdapter$GsonContextImpl,com.google.gson.internal.bind.TreeTypeAdapter,10, LD
com.google.gson.internal.bind.TreeTypeAdapter$GsonContextImpl,com.google.gson.internal.bind.TreeTypeAdapter$SingleTypeFactory,10, LD
com.google.gson.internal.bind.TreeTypeAdapter$GsonContextImpl,com.google.gson.Gson,7, LD
com.google.gson.internal.bind.TreeTypeAdapter$GsonContextImpl,com.google.gson.Gson$FutureTypeAdapter,7, LD
com.google.gson.internal.reflect.ReflectionHelper$RecordHelper,com.google.gson.internal.bind.ReflectiveTypeAdapterFactory$BoundField,6, LD
com.google.gson.internal.reflect.ReflectionHelper$RecordHelper,com.google.gson.internal.bind.ReflectiveTypeAdapterFactory$Adapter,6, LD
com.google.gson.internal.reflect.ReflectionHelper$RecordHelper,com.google.gson.internal.bind.ReflectiveTypeAdapterFactory$FieldReflectionAdapter,6, LD
com.google.gson.internal.reflect.ReflectionHelper$RecordHelper,com.google.gson.internal.bind.ReflectiveTypeAdapterFactory$RecordAdapter,6, LD
com.google.gson.internal.reflect.ReflectionHelper$RecordHelper,com.google.gson.internal.reflect.ReflectionHelper,6, LD
com.google.gson.internal.reflect.ReflectionHelper$RecordHelper,com.google.gson.internal.reflect.ReflectionHelper$RecordSupportedHelper,6, LD
com.google.gson.internal.reflect.ReflectionHelper$RecordHelper,com.google.gson.internal.reflect.ReflectionHelper$RecordNotSupportedHelper,6, LD
com.google.gson.internal.reflect.ReflectionHelper$RecordHelper,com.google.gson.internal.bind.ReflectiveTypeAdapterFactory,6, LD
com.google.gson.JsonSerializationContext,com.google.gson.Gson$FutureTypeAdapter,4, LD
com.google.gson.JsonSerializationContext,com.google.gson.Gson,4, LD
com.google.gson.JsonSerializationContext,com.google.gson.JsonDeserializationContext,6, LD
com.google.gson.internal.$Gson$Types$WildcardTypeImpl,com.google.gson.internal.bind.TypeAdapters,7, LD
com.google.gson.internal.$Gson$Types$WildcardTypeImpl,com.google.gson.internal.bind.TypeAdapters$EnumTypeAdapter,7, LD
com.google.gson.internal.$Gson$Types$WildcardTypeImpl,com.google.gson.Gson,8, LD
com.google.gson.internal.$Gson$Types$WildcardTypeImpl,com.google.gson.Gson$FutureTypeAdapter,8, LD
com.google.gson.internal.$Gson$Types$WildcardTypeImpl,com.google.gson.internal.$Gson$Types,27, LD
com.google.gson.internal.$Gson$Types$WildcardTypeImpl,com.google.gson.internal.$Gson$Types$ParameterizedTypeImpl,27, LD
com.google.gson.internal.$Gson$Types$WildcardTypeImpl,com.google.gson.internal.$Gson$Types$GenericArrayTypeImpl,27, LD
com.google.gson.internal.sql.SqlDateTypeAdapter,com.google.gson.internal.bind.TypeAdapters,3, LD
com.google.gson.internal.sql.SqlDateTypeAdapter,com.google.gson.internal.bind.TypeAdapters$EnumTypeAdapter,3, LD
com.google.gson.internal.sql.SqlDateTypeAdapter,com.google.gson.internal.sql.SqlTimeTypeAdapter,3, LD
com.google.gson.internal.sql.SqlDateTypeAdapter,com.google.gson.internal.bind.DefaultDateTypeAdapter,3, LD
com.google.gson.internal.sql.SqlDateTypeAdapter,com.google.gson.internal.bind.DefaultDateTypeAdapter$DateType,3, LD
com.google.gson.JsonPrimitive,com.google.gson.JsonArray,18, LD
com.google.gson.JsonPrimitive,com.google.gson.JsonElement,16, LD
com.google.gson.JsonPrimitive,com.google.gson.JsonNull,12, LD
com.google.gson.JsonPrimitive,com.google.gson.JsonObject,17, LD
com.google.gson.annotations.Expose,com.google.gson.annotations.SerializedName,4, LD
com.google.gson.annotations.Expose,com.google.gson.annotations.Since,4, LD
com.google.gson.annotations.Expose,com.google.gson.annotations.Until,4, LD
com.google.gson.internal.$Gson$Preconditions,com.google.gson.internal.$Gson$Types,4, LD
com.google.gson.internal.$Gson$Preconditions,com.google.gson.internal.$Gson$Types$ParameterizedTypeImpl,4, LD
com.google.gson.internal.$Gson$Preconditions,com.google.gson.internal.$Gson$Types$GenericArrayTypeImpl,4, LD
com.google.gson.internal.$Gson$Preconditions,com.google.gson.internal.$Gson$Types$WildcardTypeImpl,4, LD
com.google.gson.ToNumberPolicy,com.google.gson.internal.bind.TypeAdapters,3, LD
com.google.gson.ToNumberPolicy,com.google.gson.internal.bind.TypeAdapters$EnumTypeAdapter,3, LD
com.google.gson.ToNumberPolicy,com.google.gson.GsonBuilder,3, LD
