io.reactivex.rxjava3.internal.operators.maybe.MaybeZipArray$ZipMaybeObserver,io.reactivex.rxjava3.internal.operators.single.SingleZipArray,2, LD
io.reactivex.rxjava3.internal.operators.maybe.MaybeZipArray$ZipMaybeObserver,io.reactivex.rxjava3.internal.operators.single.SingleZipArray$ZipCoordinator,2, LD
io.reactivex.rxjava3.internal.operators.maybe.MaybeZipArray$ZipMaybeObserver,io.reactivex.rxjava3.internal.operators.single.SingleZipArray$ZipSingleObserver,2, LD
io.reactivex.rxjava3.internal.operators.maybe.MaybeZipArray$ZipMaybeObserver,io.reactivex.rxjava3.internal.operators.single.SingleZipArray$SingletonArrayFunc,2, LD
io.reactivex.rxjava3.internal.operators.maybe.MaybeZipArray$ZipMaybeObserver,io.reactivex.rxjava3.internal.operators.maybe.MaybeZipArray,2, LD
io.reactivex.rxjava3.internal.operators.maybe.MaybeZipArray$ZipMaybeObserver,io.reactivex.rxjava3.internal.operators.maybe.MaybeZipArray$ZipCoordinator,2, LD
io.reactivex.rxjava3.internal.operators.maybe.MaybeZipArray$ZipMaybeObserver,io.reactivex.rxjava3.internal.operators.maybe.MaybeZipArray$SingletonArrayFunc,2, LD
io.reactivex.rxjava3.core.Scheduler$DisposeTask,io.reactivex.rxjava3.core.Scheduler,6, LD
io.reactivex.rxjava3.core.Scheduler$DisposeTask,io.reactivex.rxjava3.core.Scheduler$Worker,6, LD
io.reactivex.rxjava3.core.Scheduler$DisposeTask,io.reactivex.rxjava3.core.Scheduler$PeriodicDirectTask,6, LD
io.reactivex.rxjava3.internal.operators.flowable.BlockingFlowableMostRecent$MostRecentSubscriber,io.reactivex.rxjava3.internal.operators.flowable.BlockingFlowableMostRecent,2, LD
io.reactivex.rxjava3.internal.operators.flowable.BlockingFlowableMostRecent$MostRecentSubscriber,io.reactivex.rxjava3.internal.operators.observable.BlockingObservableMostRecent,2, LD
io.reactivex.rxjava3.internal.operators.flowable.BlockingFlowableMostRecent$MostRecentSubscriber,io.reactivex.rxjava3.internal.operators.observable.BlockingObservableMostRecent$MostRecentObserver,2, LD
io.reactivex.rxjava3.internal.operators.flowable.BlockingFlowableMostRecent$MostRecentSubscriber,io.reactivex.rxjava3.core.Flowable,2, LD
io.reactivex.rxjava3.internal.operators.flowable.BlockingFlowableMostRecent$MostRecentSubscriber,io.reactivex.rxjava3.core.Observable,2, LD
io.reactivex.rxjava3.internal.operators.flowable.FlowableOnBackpressureReduceWith$BackpressureReduceWithSubscriber,io.reactivex.rxjava3.internal.operators.flowable.FlowableOnBackpressureReduce,2, LD
io.reactivex.rxjava3.internal.operators.flowable.FlowableOnBackpressureReduceWith$BackpressureReduceWithSubscriber,io.reactivex.rxjava3.internal.operators.flowable.FlowableOnBackpressureReduce$BackpressureReduceSubscriber,2, LD
io.reactivex.rxjava3.internal.operators.flowable.FlowableOnBackpressureReduceWith$BackpressureReduceWithSubscriber,io.reactivex.rxjava3.internal.operators.flowable.FlowableOnBackpressureReduceWith,2, LD
io.reactivex.rxjava3.internal.operators.observable.ObservableWindowTimed$WindowExactUnboundedObserver,io.reactivex.rxjava3.internal.operators.flowable.FlowableWindowTimed$WindowSkipSubscriber,3, LD
io.reactivex.rxjava3.internal.operators.observable.ObservableWindowTimed$WindowExactUnboundedObserver,io.reactivex.rxjava3.internal.operators.observable.ObservableWindowTimed,3, LD
io.reactivex.rxjava3.internal.operators.observable.ObservableWindowTimed$WindowExactUnboundedObserver,io.reactivex.rxjava3.internal.operators.observable.ObservableWindowTimed$AbstractWindowObserver,3, LD
io.reactivex.rxjava3.internal.operators.observable.ObservableWindowTimed$WindowExactUnboundedObserver,io.reactivex.rxjava3.internal.operators.observable.ObservableWindowTimed$WindowExactBoundedObserver,3, LD
io.reactivex.rxjava3.internal.operators.observable.ObservableWindowTimed$WindowExactUnboundedObserver,io.reactivex.rxjava3.internal.operators.observable.ObservableWindowTimed$WindowSkipObserver,3, LD
io.reactivex.rxjava3.internal.operators.observable.ObservableWindowTimed$WindowExactUnboundedObserver,io.reactivex.rxjava3.internal.operators.flowable.FlowableWindowTimed,3, LD
io.reactivex.rxjava3.internal.operators.observable.ObservableWindowTimed$WindowExactUnboundedObserver,io.reactivex.rxjava3.internal.operators.flowable.FlowableWindowTimed$AbstractWindowSubscriber,3, LD
io.reactivex.rxjava3.internal.operators.observable.ObservableWindowTimed$WindowExactUnboundedObserver,io.reactivex.rxjava3.internal.operators.flowable.FlowableWindowTimed$WindowExactUnboundedSubscriber,3, LD
io.reactivex.rxjava3.internal.operators.observable.ObservableWindowTimed$WindowExactUnboundedObserver,io.reactivex.rxjava3.internal.operators.flowable.FlowableWindowTimed$WindowExactBoundedSubscriber,3, LD
io.reactivex.rxjava3.internal.operators.maybe.MaybeZipArray$SingletonArrayFunc,io.reactivex.rxjava3.internal.operators.single.SingleZipArray,2, LD
io.reactivex.rxjava3.internal.operators.maybe.MaybeZipArray$SingletonArrayFunc,io.reactivex.rxjava3.internal.operators.single.SingleZipArray$ZipCoordinator,2, LD
io.reactivex.rxjava3.internal.operators.maybe.MaybeZipArray$SingletonArrayFunc,io.reactivex.rxjava3.internal.operators.single.SingleZipArray$ZipSingleObserver,2, LD
io.reactivex.rxjava3.internal.operators.maybe.MaybeZipArray$SingletonArrayFunc,io.reactivex.rxjava3.internal.operators.single.SingleZipArray$SingletonArrayFunc,2, LD
io.reactivex.rxjava3.internal.operators.maybe.MaybeZipArray$SingletonArrayFunc,io.reactivex.rxjava3.internal.operators.maybe.MaybeZipArray,2, LD
io.reactivex.rxjava3.internal.operators.maybe.MaybeZipArray$SingletonArrayFunc,io.reactivex.rxjava3.internal.operators.maybe.MaybeZipArray$ZipMaybeObserver,2, LD
io.reactivex.rxjava3.internal.operators.maybe.MaybeZipArray$SingletonArrayFunc,io.reactivex.rxjava3.internal.operators.maybe.MaybeZipArray$ZipCoordinator,2, LD
io.reactivex.rxjava3.internal.jdk8.FlowableCollectWithCollectorSingle$CollectorSingleObserver,io.reactivex.rxjava3.core.Flowable,2, LD
io.reactivex.rxjava3.internal.jdk8.FlowableCollectWithCollectorSingle$CollectorSingleObserver,io.reactivex.rxjava3.internal.jdk8.FlowableCollectWithCollector,2, LD
io.reactivex.rxjava3.internal.jdk8.FlowableCollectWithCollectorSingle$CollectorSingleObserver,io.reactivex.rxjava3.internal.jdk8.FlowableCollectWithCollector$CollectorSubscriber,2, LD
io.reactivex.rxjava3.internal.jdk8.FlowableCollectWithCollectorSingle$CollectorSingleObserver,io.reactivex.rxjava3.internal.jdk8.FlowableCollectWithCollectorSingle,2, LD
io.reactivex.rxjava3.core.Single,io.reactivex.rxjava3.core.Completable,17, LD
io.reactivex.rxjava3.core.Single,io.reactivex.rxjava3.core.Flowable,13, LD
io.reactivex.rxjava3.core.Single,io.reactivex.rxjava3.core.Maybe,27, LD
io.reactivex.rxjava3.core.Single,io.reactivex.rxjava3.core.Observable,13, LD
io.reactivex.rxjava3.core.Flowable,io.reactivex.rxjava3.core.Completable,12, LD
io.reactivex.rxjava3.core.Flowable,io.reactivex.rxjava3.core.Observable,32, LD
io.reactivex.rxjava3.core.Flowable,io.reactivex.rxjava3.core.Single,13, LD
io.reactivex.rxjava3.core.Flowable,io.reactivex.rxjava3.core.Maybe,13, LD
io.reactivex.rxjava3.internal.schedulers.IoScheduler$CachedWorkerPool,io.reactivex.rxjava3.internal.schedulers.IoScheduler,2, LD
io.reactivex.rxjava3.internal.schedulers.IoScheduler$CachedWorkerPool,io.reactivex.rxjava3.internal.schedulers.IoScheduler$EventLoopWorker,2, LD
io.reactivex.rxjava3.internal.schedulers.IoScheduler$CachedWorkerPool,io.reactivex.rxjava3.internal.schedulers.IoScheduler$ThreadWorker,2, LD
io.reactivex.rxjava3.internal.schedulers.IoScheduler$CachedWorkerPool,io.reactivex.rxjava3.schedulers.Schedulers,2, LD
io.reactivex.rxjava3.internal.schedulers.IoScheduler$CachedWorkerPool,io.reactivex.rxjava3.schedulers.Schedulers$SingleHolder,2, LD
io.reactivex.rxjava3.internal.schedulers.IoScheduler$CachedWorkerPool,io.reactivex.rxjava3.schedulers.Schedulers$ComputationHolder,2, LD
io.reactivex.rxjava3.internal.schedulers.IoScheduler$CachedWorkerPool,io.reactivex.rxjava3.schedulers.Schedulers$IoHolder,2, LD
io.reactivex.rxjava3.internal.schedulers.IoScheduler$CachedWorkerPool,io.reactivex.rxjava3.schedulers.Schedulers$NewThreadHolder,2, LD
io.reactivex.rxjava3.internal.schedulers.IoScheduler$CachedWorkerPool,io.reactivex.rxjava3.schedulers.Schedulers$IOTask,2, LD
io.reactivex.rxjava3.internal.schedulers.IoScheduler$CachedWorkerPool,io.reactivex.rxjava3.schedulers.Schedulers$NewThreadTask,2, LD
io.reactivex.rxjava3.internal.schedulers.IoScheduler$CachedWorkerPool,io.reactivex.rxjava3.schedulers.Schedulers$SingleTask,2, LD
io.reactivex.rxjava3.internal.schedulers.IoScheduler$CachedWorkerPool,io.reactivex.rxjava3.schedulers.Schedulers$ComputationTask,2, LD
io.reactivex.rxjava3.internal.operators.flowable.FlowableWindow$WindowOverlapSubscriber,io.reactivex.rxjava3.internal.operators.flowable.FlowableWindow,2, LD
io.reactivex.rxjava3.internal.operators.flowable.FlowableWindow$WindowOverlapSubscriber,io.reactivex.rxjava3.internal.operators.flowable.FlowableWindow$WindowExactSubscriber,2, LD
io.reactivex.rxjava3.internal.operators.flowable.FlowableWindow$WindowOverlapSubscriber,io.reactivex.rxjava3.internal.operators.flowable.FlowableWindow$WindowSkipSubscriber,2, LD
io.reactivex.rxjava3.internal.operators.flowable.FlowableWindow$WindowOverlapSubscriber,io.reactivex.rxjava3.internal.operators.flowable.FlowableWindowTimed,2, LD
io.reactivex.rxjava3.internal.operators.flowable.FlowableWindow$WindowOverlapSubscriber,io.reactivex.rxjava3.internal.operators.flowable.FlowableWindowTimed$AbstractWindowSubscriber,2, LD
io.reactivex.rxjava3.internal.operators.flowable.FlowableWindow$WindowOverlapSubscriber,io.reactivex.rxjava3.internal.operators.flowable.FlowableWindowTimed$WindowExactUnboundedSubscriber,2, LD
io.reactivex.rxjava3.internal.operators.flowable.FlowableWindow$WindowOverlapSubscriber,io.reactivex.rxjava3.internal.operators.flowable.FlowableWindowTimed$WindowExactBoundedSubscriber,2, LD
io.reactivex.rxjava3.internal.operators.flowable.FlowableWindow$WindowOverlapSubscriber,io.reactivex.rxjava3.internal.operators.flowable.FlowableWindowTimed$WindowSkipSubscriber,2, LD
io.reactivex.rxjava3.internal.schedulers.SchedulerWhen$QueueWorker,io.reactivex.rxjava3.internal.schedulers.SchedulerWhen,2, LD
io.reactivex.rxjava3.internal.schedulers.SchedulerWhen$QueueWorker,io.reactivex.rxjava3.internal.schedulers.SchedulerWhen$ScheduledAction,2, LD
io.reactivex.rxjava3.internal.schedulers.SchedulerWhen$QueueWorker,io.reactivex.rxjava3.internal.schedulers.SchedulerWhen$ImmediateAction,2, LD
io.reactivex.rxjava3.internal.schedulers.SchedulerWhen$QueueWorker,io.reactivex.rxjava3.internal.schedulers.SchedulerWhen$DelayedAction,2, LD
io.reactivex.rxjava3.internal.schedulers.SchedulerWhen$QueueWorker,io.reactivex.rxjava3.internal.schedulers.SchedulerWhen$OnCompletedAction,2, LD
io.reactivex.rxjava3.internal.schedulers.SchedulerWhen$QueueWorker,io.reactivex.rxjava3.internal.schedulers.SchedulerWhen$CreateWorkerFunction,2, LD
io.reactivex.rxjava3.internal.schedulers.SchedulerWhen$QueueWorker,io.reactivex.rxjava3.internal.schedulers.SchedulerWhen$SubscribedDisposable,2, LD
io.reactivex.rxjava3.internal.schedulers.SchedulerWhen$QueueWorker,io.reactivex.rxjava3.internal.fuseable.FuseToFlowable,2, LD
io.reactivex.rxjava3.internal.schedulers.SchedulerWhen$QueueWorker,io.reactivex.rxjava3.internal.fuseable.FuseToMaybe,2, LD
io.reactivex.rxjava3.internal.operators.maybe.MaybeFlatMapSingle,io.reactivex.rxjava3.core.Maybe,2, LD
io.reactivex.rxjava3.internal.operators.maybe.MaybeFlatMapSingle,io.reactivex.rxjava3.internal.operators.maybe.MaybeFlatMapSingle$FlatMapMaybeObserver,2, LD
io.reactivex.rxjava3.internal.operators.maybe.MaybeFlatMapSingle,io.reactivex.rxjava3.internal.operators.maybe.MaybeFlatMapSingle$FlatMapSingleObserver,2, LD
io.reactivex.rxjava3.internal.operators.observable.BlockingObservableMostRecent,io.reactivex.rxjava3.internal.operators.flowable.BlockingFlowableMostRecent,2, LD
io.reactivex.rxjava3.internal.operators.observable.BlockingObservableMostRecent,io.reactivex.rxjava3.internal.operators.flowable.BlockingFlowableMostRecent$MostRecentSubscriber,2, LD
io.reactivex.rxjava3.internal.operators.observable.BlockingObservableMostRecent,io.reactivex.rxjava3.internal.operators.observable.BlockingObservableMostRecent$MostRecentObserver,2, LD
io.reactivex.rxjava3.internal.operators.observable.BlockingObservableMostRecent,io.reactivex.rxjava3.core.Flowable,2, LD
io.reactivex.rxjava3.internal.operators.observable.BlockingObservableMostRecent,io.reactivex.rxjava3.core.Observable,2, LD
io.reactivex.rxjava3.internal.operators.observable.ObservableWindow,io.reactivex.rxjava3.internal.operators.observable.ObservableWindow$WindowExactObserver,2, LD
io.reactivex.rxjava3.internal.operators.observable.ObservableWindow,io.reactivex.rxjava3.internal.operators.observable.ObservableWindow$WindowSkipObserver,2, LD
io.reactivex.rxjava3.internal.operators.flowable.FlowableGroupBy$State,io.reactivex.rxjava3.internal.operators.flowable.FlowableGroupBy,10, LD
io.reactivex.rxjava3.internal.operators.flowable.FlowableGroupBy$State,io.reactivex.rxjava3.internal.operators.flowable.FlowableGroupBy$GroupBySubscriber,10, LD
io.reactivex.rxjava3.internal.operators.flowable.FlowableGroupBy$State,io.reactivex.rxjava3.internal.operators.flowable.FlowableGroupBy$EvictionAction,10, LD
io.reactivex.rxjava3.internal.operators.flowable.FlowableGroupBy$State,io.reactivex.rxjava3.internal.operators.flowable.FlowableGroupBy$GroupedUnicast,10, LD
io.reactivex.rxjava3.internal.operators.flowable.AbstractBackpressureThrottlingSubscriber,io.reactivex.rxjava3.internal.operators.flowable.FlowableOnBackpressureLatest,2, LD
io.reactivex.rxjava3.internal.operators.flowable.AbstractBackpressureThrottlingSubscriber,io.reactivex.rxjava3.internal.operators.flowable.FlowableOnBackpressureLatest$BackpressureLatestSubscriber,2, LD
io.reactivex.rxjava3.internal.operators.flowable.AbstractBackpressureThrottlingSubscriber,io.reactivex.rxjava3.internal.operators.flowable.FlowableOnBackpressureReduce,2, LD
io.reactivex.rxjava3.internal.operators.flowable.AbstractBackpressureThrottlingSubscriber,io.reactivex.rxjava3.internal.operators.flowable.FlowableOnBackpressureReduce$BackpressureReduceSubscriber,2, LD
io.reactivex.rxjava3.internal.operators.flowable.AbstractBackpressureThrottlingSubscriber,io.reactivex.rxjava3.core.Flowable,3, LD
io.reactivex.rxjava3.internal.operators.single.SingleZipArray$ZipSingleObserver,io.reactivex.rxjava3.internal.operators.single.SingleZipArray,2, LD
io.reactivex.rxjava3.internal.operators.single.SingleZipArray$ZipSingleObserver,io.reactivex.rxjava3.internal.operators.single.SingleZipArray$ZipCoordinator,2, LD
io.reactivex.rxjava3.internal.operators.single.SingleZipArray$ZipSingleObserver,io.reactivex.rxjava3.internal.operators.single.SingleZipArray$SingletonArrayFunc,2, LD
io.reactivex.rxjava3.internal.operators.single.SingleZipArray$ZipSingleObserver,io.reactivex.rxjava3.internal.operators.maybe.MaybeZipArray,2, LD
io.reactivex.rxjava3.internal.operators.single.SingleZipArray$ZipSingleObserver,io.reactivex.rxjava3.internal.operators.maybe.MaybeZipArray$ZipMaybeObserver,2, LD
io.reactivex.rxjava3.internal.operators.single.SingleZipArray$ZipSingleObserver,io.reactivex.rxjava3.internal.operators.maybe.MaybeZipArray$SingletonArrayFunc,2, LD
io.reactivex.rxjava3.internal.operators.single.SingleZipArray$ZipSingleObserver,io.reactivex.rxjava3.internal.operators.maybe.MaybeZipArray$ZipCoordinator,2, LD
io.reactivex.rxjava3.observables.ConnectableObservable,io.reactivex.rxjava3.flowables.ConnectableFlowable,4, LD
io.reactivex.rxjava3.observables.ConnectableObservable,io.reactivex.rxjava3.core.Completable,3, LD
io.reactivex.rxjava3.observables.ConnectableObservable,io.reactivex.rxjava3.core.Observable,3, LD
io.reactivex.rxjava3.internal.schedulers.SchedulerWhen$SubscribedDisposable,io.reactivex.rxjava3.internal.schedulers.SchedulerWhen,2, LD
io.reactivex.rxjava3.internal.schedulers.SchedulerWhen$SubscribedDisposable,io.reactivex.rxjava3.internal.schedulers.SchedulerWhen$ScheduledAction,2, LD
io.reactivex.rxjava3.internal.schedulers.SchedulerWhen$SubscribedDisposable,io.reactivex.rxjava3.internal.schedulers.SchedulerWhen$ImmediateAction,2, LD
io.reactivex.rxjava3.internal.schedulers.SchedulerWhen$SubscribedDisposable,io.reactivex.rxjava3.internal.schedulers.SchedulerWhen$DelayedAction,2, LD
io.reactivex.rxjava3.internal.schedulers.SchedulerWhen$SubscribedDisposable,io.reactivex.rxjava3.internal.schedulers.SchedulerWhen$OnCompletedAction,2, LD
io.reactivex.rxjava3.internal.schedulers.SchedulerWhen$SubscribedDisposable,io.reactivex.rxjava3.internal.schedulers.SchedulerWhen$CreateWorkerFunction,2, LD
io.reactivex.rxjava3.internal.schedulers.SchedulerWhen$SubscribedDisposable,io.reactivex.rxjava3.internal.schedulers.SchedulerWhen$QueueWorker,2, LD
io.reactivex.rxjava3.internal.schedulers.SchedulerWhen$SubscribedDisposable,io.reactivex.rxjava3.internal.fuseable.FuseToFlowable,2, LD
io.reactivex.rxjava3.internal.schedulers.SchedulerWhen$SubscribedDisposable,io.reactivex.rxjava3.internal.fuseable.FuseToMaybe,2, LD
io.reactivex.rxjava3.internal.schedulers.SingleScheduler,io.reactivex.rxjava3.internal.schedulers.SingleScheduler$ScheduledWorker,2, LD
io.reactivex.rxjava3.schedulers.Schedulers,io.reactivex.rxjava3.schedulers.Schedulers$SingleHolder,7, LD
io.reactivex.rxjava3.schedulers.Schedulers,io.reactivex.rxjava3.schedulers.Schedulers$ComputationHolder,7, LD
io.reactivex.rxjava3.schedulers.Schedulers,io.reactivex.rxjava3.schedulers.Schedulers$IoHolder,7, LD
io.reactivex.rxjava3.schedulers.Schedulers,io.reactivex.rxjava3.schedulers.Schedulers$NewThreadHolder,7, LD
io.reactivex.rxjava3.schedulers.Schedulers,io.reactivex.rxjava3.schedulers.Schedulers$IOTask,7, LD
io.reactivex.rxjava3.schedulers.Schedulers,io.reactivex.rxjava3.schedulers.Schedulers$NewThreadTask,7, LD
io.reactivex.rxjava3.schedulers.Schedulers,io.reactivex.rxjava3.schedulers.Schedulers$SingleTask,7, LD
io.reactivex.rxjava3.schedulers.Schedulers,io.reactivex.rxjava3.schedulers.Schedulers$ComputationTask,7, LD
io.reactivex.rxjava3.internal.schedulers.ExecutorScheduler$DelayedRunnable,io.reactivex.rxjava3.internal.schedulers.ExecutorScheduler,3, LD
io.reactivex.rxjava3.internal.schedulers.ExecutorScheduler$DelayedRunnable,io.reactivex.rxjava3.internal.schedulers.ExecutorScheduler$ExecutorWorker,3, LD
io.reactivex.rxjava3.internal.schedulers.ExecutorScheduler$DelayedRunnable,io.reactivex.rxjava3.internal.schedulers.ExecutorScheduler$DelayedDispose,3, LD
io.reactivex.rxjava3.internal.operators.observable.BlockingObservableMostRecent$MostRecentObserver,io.reactivex.rxjava3.internal.operators.flowable.BlockingFlowableMostRecent,2, LD
io.reactivex.rxjava3.internal.operators.observable.BlockingObservableMostRecent$MostRecentObserver,io.reactivex.rxjava3.internal.operators.flowable.BlockingFlowableMostRecent$MostRecentSubscriber,2, LD
io.reactivex.rxjava3.internal.operators.observable.BlockingObservableMostRecent$MostRecentObserver,io.reactivex.rxjava3.internal.operators.observable.BlockingObservableMostRecent,2, LD
io.reactivex.rxjava3.internal.operators.observable.BlockingObservableMostRecent$MostRecentObserver,io.reactivex.rxjava3.core.Flowable,2, LD
io.reactivex.rxjava3.internal.operators.observable.BlockingObservableMostRecent$MostRecentObserver,io.reactivex.rxjava3.core.Observable,2, LD
io.reactivex.rxjava3.internal.schedulers.IoScheduler$EventLoopWorker,io.reactivex.rxjava3.internal.schedulers.IoScheduler,2, LD
io.reactivex.rxjava3.internal.schedulers.IoScheduler$EventLoopWorker,io.reactivex.rxjava3.internal.schedulers.IoScheduler$CachedWorkerPool,2, LD
io.reactivex.rxjava3.internal.schedulers.IoScheduler$EventLoopWorker,io.reactivex.rxjava3.internal.schedulers.IoScheduler$ThreadWorker,2, LD
io.reactivex.rxjava3.internal.schedulers.IoScheduler$EventLoopWorker,io.reactivex.rxjava3.schedulers.Schedulers,2, LD
io.reactivex.rxjava3.internal.schedulers.IoScheduler$EventLoopWorker,io.reactivex.rxjava3.schedulers.Schedulers$SingleHolder,2, LD
io.reactivex.rxjava3.internal.schedulers.IoScheduler$EventLoopWorker,io.reactivex.rxjava3.schedulers.Schedulers$ComputationHolder,2, LD
io.reactivex.rxjava3.internal.schedulers.IoScheduler$EventLoopWorker,io.reactivex.rxjava3.schedulers.Schedulers$IoHolder,2, LD
io.reactivex.rxjava3.internal.schedulers.IoScheduler$EventLoopWorker,io.reactivex.rxjava3.schedulers.Schedulers$NewThreadHolder,2, LD
io.reactivex.rxjava3.internal.schedulers.IoScheduler$EventLoopWorker,io.reactivex.rxjava3.schedulers.Schedulers$IOTask,2, LD
io.reactivex.rxjava3.internal.schedulers.IoScheduler$EventLoopWorker,io.reactivex.rxjava3.schedulers.Schedulers$NewThreadTask,2, LD
io.reactivex.rxjava3.internal.schedulers.IoScheduler$EventLoopWorker,io.reactivex.rxjava3.schedulers.Schedulers$SingleTask,2, LD
io.reactivex.rxjava3.internal.schedulers.IoScheduler$EventLoopWorker,io.reactivex.rxjava3.schedulers.Schedulers$ComputationTask,2, LD
io.reactivex.rxjava3.core.Scheduler,io.reactivex.rxjava3.core.Scheduler$Worker,6, LD
io.reactivex.rxjava3.core.Scheduler,io.reactivex.rxjava3.core.Scheduler$PeriodicDirectTask,6, LD
io.reactivex.rxjava3.core.Scheduler,io.reactivex.rxjava3.core.Scheduler$DisposeTask,6, LD
io.reactivex.rxjava3.internal.operators.observable.ObservableGroupBy,io.reactivex.rxjava3.internal.operators.observable.ObservableGroupBy$GroupedUnicast,2, LD
io.reactivex.rxjava3.internal.operators.observable.ObservableGroupBy,io.reactivex.rxjava3.internal.operators.flowable.FlowableGroupBy,2, LD
io.reactivex.rxjava3.internal.operators.observable.ObservableGroupBy,io.reactivex.rxjava3.internal.operators.flowable.FlowableGroupBy$GroupBySubscriber,2, LD
io.reactivex.rxjava3.internal.operators.observable.ObservableGroupBy,io.reactivex.rxjava3.internal.operators.flowable.FlowableGroupBy$EvictionAction,2, LD
io.reactivex.rxjava3.internal.operators.observable.ObservableGroupBy,io.reactivex.rxjava3.internal.operators.flowable.FlowableGroupBy$State,2, LD
io.reactivex.rxjava3.internal.operators.observable.ObservableGroupBy,io.reactivex.rxjava3.internal.operators.flowable.FlowableGroupBy$GroupedUnicast,2, LD
io.reactivex.rxjava3.internal.operators.observable.ObservableGroupBy,io.reactivex.rxjava3.internal.operators.observable.ObservableGroupBy$GroupByObserver,2, LD
io.reactivex.rxjava3.internal.operators.observable.ObservableGroupBy,io.reactivex.rxjava3.internal.operators.observable.ObservableGroupBy$State,2, LD
io.reactivex.rxjava3.internal.operators.observable.ObservableWindow$WindowExactObserver,io.reactivex.rxjava3.internal.operators.observable.ObservableWindow,2, LD
io.reactivex.rxjava3.internal.operators.observable.ObservableWindow$WindowExactObserver,io.reactivex.rxjava3.internal.operators.observable.ObservableWindow$WindowSkipObserver,2, LD
io.reactivex.rxjava3.internal.operators.maybe.MaybeZipArray,io.reactivex.rxjava3.internal.operators.single.SingleZipArray,2, LD
io.reactivex.rxjava3.internal.operators.maybe.MaybeZipArray,io.reactivex.rxjava3.internal.operators.single.SingleZipArray$ZipCoordinator,2, LD
io.reactivex.rxjava3.internal.operators.maybe.MaybeZipArray,io.reactivex.rxjava3.internal.operators.single.SingleZipArray$ZipSingleObserver,2, LD
io.reactivex.rxjava3.internal.operators.maybe.MaybeZipArray,io.reactivex.rxjava3.internal.operators.single.SingleZipArray$SingletonArrayFunc,2, LD
io.reactivex.rxjava3.internal.operators.maybe.MaybeZipArray,io.reactivex.rxjava3.internal.operators.maybe.MaybeZipArray$ZipCoordinator,2, LD
io.reactivex.rxjava3.internal.operators.maybe.MaybeZipArray,io.reactivex.rxjava3.internal.operators.maybe.MaybeZipArray$ZipMaybeObserver,2, LD
io.reactivex.rxjava3.internal.operators.maybe.MaybeZipArray,io.reactivex.rxjava3.internal.operators.maybe.MaybeZipArray$SingletonArrayFunc,2, LD
io.reactivex.rxjava3.internal.operators.observable.ObservableWindowTimed,io.reactivex.rxjava3.internal.operators.flowable.FlowableWindowTimed$WindowSkipSubscriber,3, LD
io.reactivex.rxjava3.internal.operators.observable.ObservableWindowTimed,io.reactivex.rxjava3.internal.operators.observable.ObservableWindowTimed$AbstractWindowObserver,3, LD
io.reactivex.rxjava3.internal.operators.observable.ObservableWindowTimed,io.reactivex.rxjava3.internal.operators.observable.ObservableWindowTimed$WindowExactUnboundedObserver,3, LD
io.reactivex.rxjava3.internal.operators.observable.ObservableWindowTimed,io.reactivex.rxjava3.internal.operators.observable.ObservableWindowTimed$WindowExactBoundedObserver,3, LD
io.reactivex.rxjava3.internal.operators.observable.ObservableWindowTimed,io.reactivex.rxjava3.internal.operators.observable.ObservableWindowTimed$WindowSkipObserver,3, LD
io.reactivex.rxjava3.internal.operators.observable.ObservableWindowTimed,io.reactivex.rxjava3.internal.operators.flowable.FlowableWindowTimed,3, LD
io.reactivex.rxjava3.internal.operators.observable.ObservableWindowTimed,io.reactivex.rxjava3.internal.operators.flowable.FlowableWindowTimed$AbstractWindowSubscriber,3, LD
io.reactivex.rxjava3.internal.operators.observable.ObservableWindowTimed,io.reactivex.rxjava3.internal.operators.flowable.FlowableWindowTimed$WindowExactUnboundedSubscriber,3, LD
io.reactivex.rxjava3.internal.operators.observable.ObservableWindowTimed,io.reactivex.rxjava3.internal.operators.flowable.FlowableWindowTimed$WindowExactBoundedSubscriber,3, LD
io.reactivex.rxjava3.internal.operators.single.SingleFlatMapPublisher,io.reactivex.rxjava3.internal.operators.single.SingleFlatMapPublisher$SingleFlatMapPublisherObserver,2, LD
io.reactivex.rxjava3.internal.operators.single.SingleFlatMapPublisher,io.reactivex.rxjava3.core.Maybe,2, LD
io.reactivex.rxjava3.internal.operators.single.SingleFlatMapPublisher,io.reactivex.rxjava3.core.Single,2, LD
io.reactivex.rxjava3.internal.schedulers.IoScheduler$ThreadWorker,io.reactivex.rxjava3.internal.schedulers.IoScheduler,2, LD
io.reactivex.rxjava3.internal.schedulers.IoScheduler$ThreadWorker,io.reactivex.rxjava3.internal.schedulers.IoScheduler$CachedWorkerPool,2, LD
io.reactivex.rxjava3.internal.schedulers.IoScheduler$ThreadWorker,io.reactivex.rxjava3.internal.schedulers.IoScheduler$EventLoopWorker,2, LD
io.reactivex.rxjava3.internal.schedulers.IoScheduler$ThreadWorker,io.reactivex.rxjava3.schedulers.Schedulers,2, LD
io.reactivex.rxjava3.internal.schedulers.IoScheduler$ThreadWorker,io.reactivex.rxjava3.schedulers.Schedulers$SingleHolder,2, LD
io.reactivex.rxjava3.internal.schedulers.IoScheduler$ThreadWorker,io.reactivex.rxjava3.schedulers.Schedulers$ComputationHolder,2, LD
io.reactivex.rxjava3.internal.schedulers.IoScheduler$ThreadWorker,io.reactivex.rxjava3.schedulers.Schedulers$IoHolder,2, LD
io.reactivex.rxjava3.internal.schedulers.IoScheduler$ThreadWorker,io.reactivex.rxjava3.schedulers.Schedulers$NewThreadHolder,2, LD
io.reactivex.rxjava3.internal.schedulers.IoScheduler$ThreadWorker,io.reactivex.rxjava3.schedulers.Schedulers$IOTask,2, LD
io.reactivex.rxjava3.internal.schedulers.IoScheduler$ThreadWorker,io.reactivex.rxjava3.schedulers.Schedulers$NewThreadTask,2, LD
io.reactivex.rxjava3.internal.schedulers.IoScheduler$ThreadWorker,io.reactivex.rxjava3.schedulers.Schedulers$SingleTask,2, LD
io.reactivex.rxjava3.internal.schedulers.IoScheduler$ThreadWorker,io.reactivex.rxjava3.schedulers.Schedulers$ComputationTask,2, LD
io.reactivex.rxjava3.internal.operators.maybe.MaybeFlatMapSingle$FlatMapMaybeObserver,io.reactivex.rxjava3.core.Maybe,2, LD
io.reactivex.rxjava3.internal.operators.maybe.MaybeFlatMapSingle$FlatMapMaybeObserver,io.reactivex.rxjava3.internal.operators.maybe.MaybeFlatMapSingle,2, LD
io.reactivex.rxjava3.internal.operators.maybe.MaybeFlatMapSingle$FlatMapMaybeObserver,io.reactivex.rxjava3.internal.operators.maybe.MaybeFlatMapSingle$FlatMapSingleObserver,2, LD
io.reactivex.rxjava3.internal.operators.flowable.FlowableGroupBy$GroupBySubscriber,io.reactivex.rxjava3.internal.operators.flowable.FlowableGroupBy,10, LD
io.reactivex.rxjava3.internal.operators.flowable.FlowableGroupBy$GroupBySubscriber,io.reactivex.rxjava3.internal.operators.flowable.FlowableGroupBy$EvictionAction,10, LD
io.reactivex.rxjava3.internal.operators.flowable.FlowableGroupBy$GroupBySubscriber,io.reactivex.rxjava3.internal.operators.flowable.FlowableGroupBy$State,10, LD
io.reactivex.rxjava3.internal.operators.flowable.FlowableGroupBy$GroupBySubscriber,io.reactivex.rxjava3.internal.operators.flowable.FlowableGroupBy$GroupedUnicast,10, LD
io.reactivex.rxjava3.internal.operators.flowable.FlowableGroupBy,io.reactivex.rxjava3.internal.operators.flowable.FlowableGroupBy$GroupBySubscriber,10, LD
io.reactivex.rxjava3.internal.operators.flowable.FlowableGroupBy,io.reactivex.rxjava3.internal.operators.flowable.FlowableGroupBy$EvictionAction,10, LD
io.reactivex.rxjava3.internal.operators.flowable.FlowableGroupBy,io.reactivex.rxjava3.internal.operators.flowable.FlowableGroupBy$State,10, LD
io.reactivex.rxjava3.internal.operators.flowable.FlowableGroupBy,io.reactivex.rxjava3.internal.operators.flowable.FlowableGroupBy$GroupedUnicast,10, LD
io.reactivex.rxjava3.internal.operators.maybe.MaybeZipArray$ZipCoordinator,io.reactivex.rxjava3.internal.operators.single.SingleZipArray,2, LD
io.reactivex.rxjava3.internal.operators.maybe.MaybeZipArray$ZipCoordinator,io.reactivex.rxjava3.internal.operators.single.SingleZipArray$ZipCoordinator,2, LD
io.reactivex.rxjava3.internal.operators.maybe.MaybeZipArray$ZipCoordinator,io.reactivex.rxjava3.internal.operators.single.SingleZipArray$ZipSingleObserver,2, LD
io.reactivex.rxjava3.internal.operators.maybe.MaybeZipArray$ZipCoordinator,io.reactivex.rxjava3.internal.operators.single.SingleZipArray$SingletonArrayFunc,2, LD
io.reactivex.rxjava3.internal.operators.maybe.MaybeZipArray$ZipCoordinator,io.reactivex.rxjava3.internal.operators.maybe.MaybeZipArray,2, LD
io.reactivex.rxjava3.internal.operators.maybe.MaybeZipArray$ZipCoordinator,io.reactivex.rxjava3.internal.operators.maybe.MaybeZipArray$ZipMaybeObserver,2, LD
io.reactivex.rxjava3.internal.operators.maybe.MaybeZipArray$ZipCoordinator,io.reactivex.rxjava3.internal.operators.maybe.MaybeZipArray$SingletonArrayFunc,2, LD
io.reactivex.rxjava3.internal.operators.observable.ObservableGroupBy$GroupByObserver,io.reactivex.rxjava3.internal.operators.observable.ObservableGroupBy$GroupedUnicast,2, LD
io.reactivex.rxjava3.internal.operators.observable.ObservableGroupBy$GroupByObserver,io.reactivex.rxjava3.internal.operators.flowable.FlowableGroupBy,2, LD
io.reactivex.rxjava3.internal.operators.observable.ObservableGroupBy$GroupByObserver,io.reactivex.rxjava3.internal.operators.flowable.FlowableGroupBy$GroupBySubscriber,2, LD
io.reactivex.rxjava3.internal.operators.observable.ObservableGroupBy$GroupByObserver,io.reactivex.rxjava3.internal.operators.flowable.FlowableGroupBy$EvictionAction,2, LD
io.reactivex.rxjava3.internal.operators.observable.ObservableGroupBy$GroupByObserver,io.reactivex.rxjava3.internal.operators.flowable.FlowableGroupBy$State,2, LD
io.reactivex.rxjava3.internal.operators.observable.ObservableGroupBy$GroupByObserver,io.reactivex.rxjava3.internal.operators.flowable.FlowableGroupBy$GroupedUnicast,2, LD
io.reactivex.rxjava3.internal.operators.observable.ObservableGroupBy$GroupByObserver,io.reactivex.rxjava3.internal.operators.observable.ObservableGroupBy,2, LD
io.reactivex.rxjava3.internal.operators.observable.ObservableGroupBy$GroupByObserver,io.reactivex.rxjava3.internal.operators.observable.ObservableGroupBy$State,2, LD
io.reactivex.rxjava3.internal.operators.single.SingleZipArray$SingletonArrayFunc,io.reactivex.rxjava3.internal.operators.single.SingleZipArray,2, LD
io.reactivex.rxjava3.internal.operators.single.SingleZipArray$SingletonArrayFunc,io.reactivex.rxjava3.internal.operators.single.SingleZipArray$ZipCoordinator,2, LD
io.reactivex.rxjava3.internal.operators.single.SingleZipArray$SingletonArrayFunc,io.reactivex.rxjava3.internal.operators.single.SingleZipArray$ZipSingleObserver,2, LD
io.reactivex.rxjava3.internal.operators.single.SingleZipArray$SingletonArrayFunc,io.reactivex.rxjava3.internal.operators.maybe.MaybeZipArray,2, LD
io.reactivex.rxjava3.internal.operators.single.SingleZipArray$SingletonArrayFunc,io.reactivex.rxjava3.internal.operators.maybe.MaybeZipArray$ZipCoordinator,2, LD
io.reactivex.rxjava3.internal.operators.single.SingleZipArray$SingletonArrayFunc,io.reactivex.rxjava3.internal.operators.maybe.MaybeZipArray$ZipMaybeObserver,2, LD
io.reactivex.rxjava3.internal.operators.single.SingleZipArray$SingletonArrayFunc,io.reactivex.rxjava3.internal.operators.maybe.MaybeZipArray$SingletonArrayFunc,2, LD
io.reactivex.rxjava3.exceptions.CompositeException$PrintStreamOrWriter,io.reactivex.rxjava3.exceptions.CompositeException,2, LD
io.reactivex.rxjava3.exceptions.CompositeException$PrintStreamOrWriter,io.reactivex.rxjava3.exceptions.CompositeException$WrappedPrintStream,2, LD
io.reactivex.rxjava3.exceptions.CompositeException$PrintStreamOrWriter,io.reactivex.rxjava3.exceptions.CompositeException$WrappedPrintWriter,2, LD
io.reactivex.rxjava3.exceptions.CompositeException$PrintStreamOrWriter,io.reactivex.rxjava3.exceptions.CompositeException$ExceptionOverview,2, LD
io.reactivex.rxjava3.exceptions.CompositeException$WrappedPrintStream,io.reactivex.rxjava3.exceptions.CompositeException,2, LD
io.reactivex.rxjava3.exceptions.CompositeException$WrappedPrintStream,io.reactivex.rxjava3.exceptions.CompositeException$PrintStreamOrWriter,2, LD
io.reactivex.rxjava3.exceptions.CompositeException$WrappedPrintStream,io.reactivex.rxjava3.exceptions.CompositeException$WrappedPrintWriter,2, LD
io.reactivex.rxjava3.exceptions.CompositeException$WrappedPrintStream,io.reactivex.rxjava3.exceptions.CompositeException$ExceptionOverview,2, LD
io.reactivex.rxjava3.internal.jdk8.FlowableFromStream,io.reactivex.rxjava3.internal.jdk8.FlowableFromStream$AbstractStreamSubscription,2, LD
io.reactivex.rxjava3.internal.jdk8.FlowableFromStream,io.reactivex.rxjava3.internal.jdk8.FlowableFromStream$StreamSubscription,2, LD
io.reactivex.rxjava3.internal.jdk8.FlowableFromStream,io.reactivex.rxjava3.internal.jdk8.FlowableFromStream$StreamConditionalSubscription,2, LD
io.reactivex.rxjava3.internal.jdk8.FlowableFromStream,io.reactivex.rxjava3.core.Flowable,2, LD
io.reactivex.rxjava3.internal.operators.observable.ObservableWindowTimed$WindowExactBoundedObserver,io.reactivex.rxjava3.internal.operators.flowable.FlowableWindowTimed$WindowSkipSubscriber,3, LD
io.reactivex.rxjava3.internal.operators.observable.ObservableWindowTimed$WindowExactBoundedObserver,io.reactivex.rxjava3.internal.operators.observable.ObservableWindowTimed,3, LD
io.reactivex.rxjava3.internal.operators.observable.ObservableWindowTimed$WindowExactBoundedObserver,io.reactivex.rxjava3.internal.operators.observable.ObservableWindowTimed$AbstractWindowObserver,3, LD
io.reactivex.rxjava3.internal.operators.observable.ObservableWindowTimed$WindowExactBoundedObserver,io.reactivex.rxjava3.internal.operators.observable.ObservableWindowTimed$WindowExactUnboundedObserver,3, LD
io.reactivex.rxjava3.internal.operators.observable.ObservableWindowTimed$WindowExactBoundedObserver,io.reactivex.rxjava3.internal.operators.observable.ObservableWindowTimed$WindowSkipObserver,3, LD
io.reactivex.rxjava3.internal.operators.observable.ObservableWindowTimed$WindowExactBoundedObserver,io.reactivex.rxjava3.internal.operators.flowable.FlowableWindowTimed,3, LD
io.reactivex.rxjava3.internal.operators.observable.ObservableWindowTimed$WindowExactBoundedObserver,io.reactivex.rxjava3.internal.operators.flowable.FlowableWindowTimed$AbstractWindowSubscriber,3, LD
io.reactivex.rxjava3.internal.operators.observable.ObservableWindowTimed$WindowExactBoundedObserver,io.reactivex.rxjava3.internal.operators.flowable.FlowableWindowTimed$WindowExactUnboundedSubscriber,3, LD
io.reactivex.rxjava3.internal.operators.observable.ObservableWindowTimed$WindowExactBoundedObserver,io.reactivex.rxjava3.internal.operators.flowable.FlowableWindowTimed$WindowExactBoundedSubscriber,3, LD
io.reactivex.rxjava3.exceptions.CompositeException$WrappedPrintWriter,io.reactivex.rxjava3.exceptions.CompositeException,2, LD
io.reactivex.rxjava3.exceptions.CompositeException$WrappedPrintWriter,io.reactivex.rxjava3.exceptions.CompositeException$PrintStreamOrWriter,2, LD
io.reactivex.rxjava3.exceptions.CompositeException$WrappedPrintWriter,io.reactivex.rxjava3.exceptions.CompositeException$WrappedPrintStream,2, LD
io.reactivex.rxjava3.exceptions.CompositeException$WrappedPrintWriter,io.reactivex.rxjava3.exceptions.CompositeException$ExceptionOverview,2, LD
io.reactivex.rxjava3.exceptions.CompositeException$ExceptionOverview,io.reactivex.rxjava3.exceptions.CompositeException,2, LD
io.reactivex.rxjava3.exceptions.CompositeException$ExceptionOverview,io.reactivex.rxjava3.exceptions.CompositeException$PrintStreamOrWriter,2, LD
io.reactivex.rxjava3.exceptions.CompositeException$ExceptionOverview,io.reactivex.rxjava3.exceptions.CompositeException$WrappedPrintStream,2, LD
io.reactivex.rxjava3.exceptions.CompositeException$ExceptionOverview,io.reactivex.rxjava3.exceptions.CompositeException$WrappedPrintWriter,2, LD
io.reactivex.rxjava3.internal.operators.flowable.FlowableWindowTimed$WindowExactBoundedSubscriber,io.reactivex.rxjava3.internal.operators.observable.ObservableWindowTimed,3, LD
io.reactivex.rxjava3.internal.operators.flowable.FlowableWindowTimed$WindowExactBoundedSubscriber,io.reactivex.rxjava3.internal.operators.observable.ObservableWindowTimed$AbstractWindowObserver,3, LD
io.reactivex.rxjava3.internal.operators.flowable.FlowableWindowTimed$WindowExactBoundedSubscriber,io.reactivex.rxjava3.internal.operators.observable.ObservableWindowTimed$WindowExactUnboundedObserver,3, LD
io.reactivex.rxjava3.internal.operators.flowable.FlowableWindowTimed$WindowExactBoundedSubscriber,io.reactivex.rxjava3.internal.operators.observable.ObservableWindowTimed$WindowExactBoundedObserver,3, LD
io.reactivex.rxjava3.internal.operators.flowable.FlowableWindowTimed$WindowExactBoundedSubscriber,io.reactivex.rxjava3.internal.operators.observable.ObservableWindowTimed$WindowSkipObserver,3, LD
io.reactivex.rxjava3.internal.operators.flowable.FlowableWindowTimed$WindowExactBoundedSubscriber,io.reactivex.rxjava3.internal.operators.flowable.FlowableWindowTimed,4, LD
io.reactivex.rxjava3.internal.operators.flowable.FlowableWindowTimed$WindowExactBoundedSubscriber,io.reactivex.rxjava3.internal.operators.flowable.FlowableWindowTimed$AbstractWindowSubscriber,4, LD
io.reactivex.rxjava3.internal.operators.flowable.FlowableWindowTimed$WindowExactBoundedSubscriber,io.reactivex.rxjava3.internal.operators.flowable.FlowableWindowTimed$WindowExactUnboundedSubscriber,4, LD
io.reactivex.rxjava3.internal.operators.flowable.FlowableWindowTimed$WindowExactBoundedSubscriber,io.reactivex.rxjava3.internal.operators.flowable.FlowableWindowTimed$WindowSkipSubscriber,4, LD
io.reactivex.rxjava3.internal.operators.observable.ObservableWindow$WindowSkipObserver,io.reactivex.rxjava3.internal.operators.observable.ObservableWindow,2, LD
io.reactivex.rxjava3.internal.operators.observable.ObservableWindow$WindowSkipObserver,io.reactivex.rxjava3.internal.operators.observable.ObservableWindow$WindowExactObserver,2, LD
io.reactivex.rxjava3.internal.schedulers.ExecutorScheduler,io.reactivex.rxjava3.internal.schedulers.ExecutorScheduler$ExecutorWorker,3, LD
io.reactivex.rxjava3.internal.schedulers.ExecutorScheduler,io.reactivex.rxjava3.internal.schedulers.ExecutorScheduler$DelayedRunnable,3, LD
io.reactivex.rxjava3.internal.schedulers.ExecutorScheduler,io.reactivex.rxjava3.internal.schedulers.ExecutorScheduler$DelayedDispose,3, LD
io.reactivex.rxjava3.internal.operators.single.SingleFlatMapPublisher$SingleFlatMapPublisherObserver,io.reactivex.rxjava3.internal.operators.single.SingleFlatMapPublisher,2, LD
io.reactivex.rxjava3.internal.operators.single.SingleFlatMapPublisher$SingleFlatMapPublisherObserver,io.reactivex.rxjava3.core.Maybe,2, LD
io.reactivex.rxjava3.internal.operators.single.SingleFlatMapPublisher$SingleFlatMapPublisherObserver,io.reactivex.rxjava3.core.Single,2, LD
io.reactivex.rxjava3.internal.schedulers.SchedulerWhen$ScheduledAction,io.reactivex.rxjava3.internal.schedulers.SchedulerWhen,2, LD
io.reactivex.rxjava3.internal.schedulers.SchedulerWhen$ScheduledAction,io.reactivex.rxjava3.internal.schedulers.SchedulerWhen$ImmediateAction,2, LD
io.reactivex.rxjava3.internal.schedulers.SchedulerWhen$ScheduledAction,io.reactivex.rxjava3.internal.schedulers.SchedulerWhen$DelayedAction,2, LD
io.reactivex.rxjava3.internal.schedulers.SchedulerWhen$ScheduledAction,io.reactivex.rxjava3.internal.schedulers.SchedulerWhen$OnCompletedAction,2, LD
io.reactivex.rxjava3.internal.schedulers.SchedulerWhen$ScheduledAction,io.reactivex.rxjava3.internal.schedulers.SchedulerWhen$CreateWorkerFunction,2, LD
io.reactivex.rxjava3.internal.schedulers.SchedulerWhen$ScheduledAction,io.reactivex.rxjava3.internal.schedulers.SchedulerWhen$QueueWorker,2, LD
io.reactivex.rxjava3.internal.schedulers.SchedulerWhen$ScheduledAction,io.reactivex.rxjava3.internal.schedulers.SchedulerWhen$SubscribedDisposable,2, LD
io.reactivex.rxjava3.internal.schedulers.SchedulerWhen$ScheduledAction,io.reactivex.rxjava3.internal.fuseable.FuseToFlowable,2, LD
io.reactivex.rxjava3.internal.schedulers.SchedulerWhen$ScheduledAction,io.reactivex.rxjava3.internal.fuseable.FuseToMaybe,2, LD
io.reactivex.rxjava3.flowables.ConnectableFlowable,io.reactivex.rxjava3.observables.ConnectableObservable,4, LD
io.reactivex.rxjava3.flowables.ConnectableFlowable,io.reactivex.rxjava3.core.Completable,3, LD
io.reactivex.rxjava3.flowables.ConnectableFlowable,io.reactivex.rxjava3.core.Observable,3, LD
io.reactivex.rxjava3.schedulers.Schedulers$SingleHolder,io.reactivex.rxjava3.schedulers.Schedulers,7, LD
io.reactivex.rxjava3.schedulers.Schedulers$SingleHolder,io.reactivex.rxjava3.schedulers.Schedulers$ComputationHolder,7, LD
io.reactivex.rxjava3.schedulers.Schedulers$SingleHolder,io.reactivex.rxjava3.schedulers.Schedulers$IoHolder,7, LD
io.reactivex.rxjava3.schedulers.Schedulers$SingleHolder,io.reactivex.rxjava3.schedulers.Schedulers$NewThreadHolder,7, LD
io.reactivex.rxjava3.schedulers.Schedulers$SingleHolder,io.reactivex.rxjava3.schedulers.Schedulers$IOTask,7, LD
io.reactivex.rxjava3.schedulers.Schedulers$SingleHolder,io.reactivex.rxjava3.schedulers.Schedulers$NewThreadTask,7, LD
io.reactivex.rxjava3.schedulers.Schedulers$SingleHolder,io.reactivex.rxjava3.schedulers.Schedulers$SingleTask,7, LD
io.reactivex.rxjava3.schedulers.Schedulers$SingleHolder,io.reactivex.rxjava3.schedulers.Schedulers$ComputationTask,7, LD
io.reactivex.rxjava3.schedulers.Schedulers$ComputationHolder,io.reactivex.rxjava3.schedulers.Schedulers,7, LD
io.reactivex.rxjava3.schedulers.Schedulers$ComputationHolder,io.reactivex.rxjava3.schedulers.Schedulers$SingleHolder,7, LD
io.reactivex.rxjava3.schedulers.Schedulers$ComputationHolder,io.reactivex.rxjava3.schedulers.Schedulers$IoHolder,7, LD
io.reactivex.rxjava3.schedulers.Schedulers$ComputationHolder,io.reactivex.rxjava3.schedulers.Schedulers$NewThreadHolder,7, LD
io.reactivex.rxjava3.schedulers.Schedulers$ComputationHolder,io.reactivex.rxjava3.schedulers.Schedulers$IOTask,7, LD
io.reactivex.rxjava3.schedulers.Schedulers$ComputationHolder,io.reactivex.rxjava3.schedulers.Schedulers$NewThreadTask,7, LD
io.reactivex.rxjava3.schedulers.Schedulers$ComputationHolder,io.reactivex.rxjava3.schedulers.Schedulers$SingleTask,7, LD
io.reactivex.rxjava3.schedulers.Schedulers$ComputationHolder,io.reactivex.rxjava3.schedulers.Schedulers$ComputationTask,7, LD
io.reactivex.rxjava3.schedulers.Schedulers$IoHolder,io.reactivex.rxjava3.schedulers.Schedulers,7, LD
io.reactivex.rxjava3.schedulers.Schedulers$IoHolder,io.reactivex.rxjava3.schedulers.Schedulers$SingleHolder,7, LD
io.reactivex.rxjava3.schedulers.Schedulers$IoHolder,io.reactivex.rxjava3.schedulers.Schedulers$ComputationHolder,7, LD
io.reactivex.rxjava3.schedulers.Schedulers$IoHolder,io.reactivex.rxjava3.schedulers.Schedulers$NewThreadHolder,7, LD
io.reactivex.rxjava3.schedulers.Schedulers$IoHolder,io.reactivex.rxjava3.schedulers.Schedulers$IOTask,7, LD
io.reactivex.rxjava3.schedulers.Schedulers$IoHolder,io.reactivex.rxjava3.schedulers.Schedulers$NewThreadTask,7, LD
io.reactivex.rxjava3.schedulers.Schedulers$IoHolder,io.reactivex.rxjava3.schedulers.Schedulers$SingleTask,7, LD
io.reactivex.rxjava3.schedulers.Schedulers$IoHolder,io.reactivex.rxjava3.schedulers.Schedulers$ComputationTask,7, LD
io.reactivex.rxjava3.internal.functions.ObjectHelper$BiObjectPredicate,io.reactivex.rxjava3.internal.functions.ObjectHelper,2, LD
io.reactivex.rxjava3.internal.schedulers.ExecutorScheduler$ExecutorWorker,io.reactivex.rxjava3.internal.schedulers.ExecutorScheduler,3, LD
io.reactivex.rxjava3.internal.schedulers.ExecutorScheduler$ExecutorWorker,io.reactivex.rxjava3.internal.schedulers.ExecutorScheduler$DelayedRunnable,3, LD
io.reactivex.rxjava3.internal.schedulers.ExecutorScheduler$ExecutorWorker,io.reactivex.rxjava3.internal.schedulers.ExecutorScheduler$DelayedDispose,3, LD
io.reactivex.rxjava3.internal.jdk8.FlowableCollectWithCollector,io.reactivex.rxjava3.core.Flowable,2, LD
io.reactivex.rxjava3.internal.jdk8.FlowableCollectWithCollector,io.reactivex.rxjava3.internal.jdk8.FlowableCollectWithCollector$CollectorSubscriber,2, LD
io.reactivex.rxjava3.internal.jdk8.FlowableCollectWithCollector,io.reactivex.rxjava3.internal.jdk8.FlowableCollectWithCollectorSingle,2, LD
io.reactivex.rxjava3.internal.jdk8.FlowableCollectWithCollector,io.reactivex.rxjava3.internal.jdk8.FlowableCollectWithCollectorSingle$CollectorSingleObserver,2, LD
io.reactivex.rxjava3.internal.operators.flowable.FlowableWindow$WindowExactSubscriber,io.reactivex.rxjava3.internal.operators.flowable.FlowableWindow,2, LD
io.reactivex.rxjava3.internal.operators.flowable.FlowableWindow$WindowExactSubscriber,io.reactivex.rxjava3.internal.operators.flowable.FlowableWindow$WindowSkipSubscriber,2, LD
io.reactivex.rxjava3.internal.operators.flowable.FlowableWindow$WindowExactSubscriber,io.reactivex.rxjava3.internal.operators.flowable.FlowableWindow$WindowOverlapSubscriber,2, LD
io.reactivex.rxjava3.internal.operators.flowable.FlowableWindow$WindowExactSubscriber,io.reactivex.rxjava3.internal.operators.flowable.FlowableWindowTimed,2, LD
io.reactivex.rxjava3.internal.operators.flowable.FlowableWindow$WindowExactSubscriber,io.reactivex.rxjava3.internal.operators.flowable.FlowableWindowTimed$AbstractWindowSubscriber,2, LD
io.reactivex.rxjava3.internal.operators.flowable.FlowableWindow$WindowExactSubscriber,io.reactivex.rxjava3.internal.operators.flowable.FlowableWindowTimed$WindowExactUnboundedSubscriber,2, LD
io.reactivex.rxjava3.internal.operators.flowable.FlowableWindow$WindowExactSubscriber,io.reactivex.rxjava3.internal.operators.flowable.FlowableWindowTimed$WindowExactBoundedSubscriber,2, LD
io.reactivex.rxjava3.internal.operators.flowable.FlowableWindow$WindowExactSubscriber,io.reactivex.rxjava3.internal.operators.flowable.FlowableWindowTimed$WindowSkipSubscriber,2, LD
io.reactivex.rxjava3.internal.operators.maybe.MaybeFlatMapSingle$FlatMapSingleObserver,io.reactivex.rxjava3.core.Maybe,2, LD
io.reactivex.rxjava3.internal.operators.maybe.MaybeFlatMapSingle$FlatMapSingleObserver,io.reactivex.rxjava3.internal.operators.maybe.MaybeFlatMapSingle,2, LD
io.reactivex.rxjava3.internal.operators.maybe.MaybeFlatMapSingle$FlatMapSingleObserver,io.reactivex.rxjava3.internal.operators.maybe.MaybeFlatMapSingle$FlatMapMaybeObserver,2, LD
io.reactivex.rxjava3.exceptions.CompositeException,io.reactivex.rxjava3.exceptions.CompositeException$PrintStreamOrWriter,2, LD
io.reactivex.rxjava3.exceptions.CompositeException,io.reactivex.rxjava3.exceptions.CompositeException$WrappedPrintStream,2, LD
io.reactivex.rxjava3.exceptions.CompositeException,io.reactivex.rxjava3.exceptions.CompositeException$WrappedPrintWriter,2, LD
io.reactivex.rxjava3.exceptions.CompositeException,io.reactivex.rxjava3.exceptions.CompositeException$ExceptionOverview,2, LD
io.reactivex.rxjava3.internal.schedulers.ExecutorScheduler$DelayedDispose,io.reactivex.rxjava3.internal.schedulers.ExecutorScheduler,3, LD
io.reactivex.rxjava3.internal.schedulers.ExecutorScheduler$DelayedDispose,io.reactivex.rxjava3.internal.schedulers.ExecutorScheduler$ExecutorWorker,3, LD
io.reactivex.rxjava3.internal.schedulers.ExecutorScheduler$DelayedDispose,io.reactivex.rxjava3.internal.schedulers.ExecutorScheduler$DelayedRunnable,3, LD
io.reactivex.rxjava3.internal.fuseable.FuseToFlowable,io.reactivex.rxjava3.internal.schedulers.SchedulerWhen,2, LD
io.reactivex.rxjava3.internal.fuseable.FuseToFlowable,io.reactivex.rxjava3.internal.schedulers.SchedulerWhen$ScheduledAction,2, LD
io.reactivex.rxjava3.internal.fuseable.FuseToFlowable,io.reactivex.rxjava3.internal.schedulers.SchedulerWhen$ImmediateAction,2, LD
io.reactivex.rxjava3.internal.fuseable.FuseToFlowable,io.reactivex.rxjava3.internal.schedulers.SchedulerWhen$DelayedAction,2, LD
io.reactivex.rxjava3.internal.fuseable.FuseToFlowable,io.reactivex.rxjava3.internal.schedulers.SchedulerWhen$OnCompletedAction,2, LD
io.reactivex.rxjava3.internal.fuseable.FuseToFlowable,io.reactivex.rxjava3.internal.schedulers.SchedulerWhen$CreateWorkerFunction,2, LD
io.reactivex.rxjava3.internal.fuseable.FuseToFlowable,io.reactivex.rxjava3.internal.schedulers.SchedulerWhen$QueueWorker,2, LD
io.reactivex.rxjava3.internal.fuseable.FuseToFlowable,io.reactivex.rxjava3.internal.schedulers.SchedulerWhen$SubscribedDisposable,2, LD
io.reactivex.rxjava3.internal.fuseable.FuseToFlowable,io.reactivex.rxjava3.internal.fuseable.FuseToMaybe,2, LD
io.reactivex.rxjava3.internal.operators.single.SingleZipArray,io.reactivex.rxjava3.internal.operators.single.SingleZipArray$ZipCoordinator,2, LD
io.reactivex.rxjava3.internal.operators.single.SingleZipArray,io.reactivex.rxjava3.internal.operators.single.SingleZipArray$ZipSingleObserver,2, LD
io.reactivex.rxjava3.internal.operators.single.SingleZipArray,io.reactivex.rxjava3.internal.operators.single.SingleZipArray$SingletonArrayFunc,2, LD
io.reactivex.rxjava3.internal.operators.single.SingleZipArray,io.reactivex.rxjava3.internal.operators.maybe.MaybeZipArray,2, LD
io.reactivex.rxjava3.internal.operators.single.SingleZipArray,io.reactivex.rxjava3.internal.operators.maybe.MaybeZipArray$ZipMaybeObserver,2, LD
io.reactivex.rxjava3.internal.operators.single.SingleZipArray,io.reactivex.rxjava3.internal.operators.maybe.MaybeZipArray$SingletonArrayFunc,2, LD
io.reactivex.rxjava3.internal.operators.single.SingleZipArray,io.reactivex.rxjava3.internal.operators.maybe.MaybeZipArray$ZipCoordinator,2, LD
io.reactivex.rxjava3.internal.fuseable.FuseToMaybe,io.reactivex.rxjava3.internal.schedulers.SchedulerWhen,2, LD
io.reactivex.rxjava3.internal.fuseable.FuseToMaybe,io.reactivex.rxjava3.internal.schedulers.SchedulerWhen$ScheduledAction,2, LD
io.reactivex.rxjava3.internal.fuseable.FuseToMaybe,io.reactivex.rxjava3.internal.schedulers.SchedulerWhen$ImmediateAction,2, LD
io.reactivex.rxjava3.internal.fuseable.FuseToMaybe,io.reactivex.rxjava3.internal.schedulers.SchedulerWhen$DelayedAction,2, LD
io.reactivex.rxjava3.internal.fuseable.FuseToMaybe,io.reactivex.rxjava3.internal.schedulers.SchedulerWhen$OnCompletedAction,2, LD
io.reactivex.rxjava3.internal.fuseable.FuseToMaybe,io.reactivex.rxjava3.internal.schedulers.SchedulerWhen$CreateWorkerFunction,2, LD
io.reactivex.rxjava3.internal.fuseable.FuseToMaybe,io.reactivex.rxjava3.internal.schedulers.SchedulerWhen$QueueWorker,2, LD
io.reactivex.rxjava3.internal.fuseable.FuseToMaybe,io.reactivex.rxjava3.internal.schedulers.SchedulerWhen$SubscribedDisposable,2, LD
io.reactivex.rxjava3.internal.fuseable.FuseToMaybe,io.reactivex.rxjava3.internal.fuseable.FuseToFlowable,2, LD
io.reactivex.rxjava3.internal.operators.flowable.FlowableOnBackpressureLatest,io.reactivex.rxjava3.internal.operators.flowable.FlowableOnBackpressureLatest$BackpressureLatestSubscriber,2, LD
io.reactivex.rxjava3.internal.operators.flowable.FlowableOnBackpressureLatest,io.reactivex.rxjava3.internal.operators.flowable.FlowableOnBackpressureReduce,2, LD
io.reactivex.rxjava3.internal.operators.flowable.FlowableOnBackpressureLatest,io.reactivex.rxjava3.internal.operators.flowable.FlowableOnBackpressureReduce$BackpressureReduceSubscriber,2, LD
io.reactivex.rxjava3.internal.operators.flowable.FlowableOnBackpressureLatest,io.reactivex.rxjava3.core.Flowable,2, LD
io.reactivex.rxjava3.internal.operators.flowable.FlowableOnBackpressureLatest,io.reactivex.rxjava3.internal.operators.flowable.AbstractBackpressureThrottlingSubscriber,2, LD
io.reactivex.rxjava3.internal.schedulers.SingleScheduler$ScheduledWorker,io.reactivex.rxjava3.internal.schedulers.SingleScheduler,2, LD
io.reactivex.rxjava3.schedulers.Schedulers$NewThreadHolder,io.reactivex.rxjava3.schedulers.Schedulers,7, LD
io.reactivex.rxjava3.schedulers.Schedulers$NewThreadHolder,io.reactivex.rxjava3.schedulers.Schedulers$SingleHolder,7, LD
io.reactivex.rxjava3.schedulers.Schedulers$NewThreadHolder,io.reactivex.rxjava3.schedulers.Schedulers$ComputationHolder,7, LD
io.reactivex.rxjava3.schedulers.Schedulers$NewThreadHolder,io.reactivex.rxjava3.schedulers.Schedulers$IoHolder,7, LD
io.reactivex.rxjava3.schedulers.Schedulers$NewThreadHolder,io.reactivex.rxjava3.schedulers.Schedulers$IOTask,7, LD
io.reactivex.rxjava3.schedulers.Schedulers$NewThreadHolder,io.reactivex.rxjava3.schedulers.Schedulers$NewThreadTask,7, LD
io.reactivex.rxjava3.schedulers.Schedulers$NewThreadHolder,io.reactivex.rxjava3.schedulers.Schedulers$SingleTask,7, LD
io.reactivex.rxjava3.schedulers.Schedulers$NewThreadHolder,io.reactivex.rxjava3.schedulers.Schedulers$ComputationTask,7, LD
io.reactivex.rxjava3.schedulers.Schedulers$IOTask,io.reactivex.rxjava3.schedulers.Schedulers,7, LD
io.reactivex.rxjava3.schedulers.Schedulers$IOTask,io.reactivex.rxjava3.schedulers.Schedulers$SingleHolder,7, LD
io.reactivex.rxjava3.schedulers.Schedulers$IOTask,io.reactivex.rxjava3.schedulers.Schedulers$ComputationHolder,7, LD
io.reactivex.rxjava3.schedulers.Schedulers$IOTask,io.reactivex.rxjava3.schedulers.Schedulers$IoHolder,7, LD
io.reactivex.rxjava3.schedulers.Schedulers$IOTask,io.reactivex.rxjava3.schedulers.Schedulers$NewThreadHolder,7, LD
io.reactivex.rxjava3.schedulers.Schedulers$IOTask,io.reactivex.rxjava3.schedulers.Schedulers$NewThreadTask,7, LD
io.reactivex.rxjava3.schedulers.Schedulers$IOTask,io.reactivex.rxjava3.schedulers.Schedulers$SingleTask,7, LD
io.reactivex.rxjava3.schedulers.Schedulers$IOTask,io.reactivex.rxjava3.schedulers.Schedulers$ComputationTask,7, LD
io.reactivex.rxjava3.schedulers.Schedulers$NewThreadTask,io.reactivex.rxjava3.schedulers.Schedulers,7, LD
io.reactivex.rxjava3.schedulers.Schedulers$NewThreadTask,io.reactivex.rxjava3.schedulers.Schedulers$SingleHolder,7, LD
io.reactivex.rxjava3.schedulers.Schedulers$NewThreadTask,io.reactivex.rxjava3.schedulers.Schedulers$ComputationHolder,7, LD
io.reactivex.rxjava3.schedulers.Schedulers$NewThreadTask,io.reactivex.rxjava3.schedulers.Schedulers$IoHolder,7, LD
io.reactivex.rxjava3.schedulers.Schedulers$NewThreadTask,io.reactivex.rxjava3.schedulers.Schedulers$NewThreadHolder,7, LD
io.reactivex.rxjava3.schedulers.Schedulers$NewThreadTask,io.reactivex.rxjava3.schedulers.Schedulers$IOTask,7, LD
io.reactivex.rxjava3.schedulers.Schedulers$NewThreadTask,io.reactivex.rxjava3.schedulers.Schedulers$SingleTask,7, LD
io.reactivex.rxjava3.schedulers.Schedulers$NewThreadTask,io.reactivex.rxjava3.schedulers.Schedulers$ComputationTask,7, LD
io.reactivex.rxjava3.internal.operators.flowable.FlowableOnBackpressureLatest$BackpressureLatestSubscriber,io.reactivex.rxjava3.internal.operators.flowable.FlowableOnBackpressureLatest,2, LD
io.reactivex.rxjava3.internal.operators.flowable.FlowableOnBackpressureLatest$BackpressureLatestSubscriber,io.reactivex.rxjava3.internal.operators.flowable.FlowableOnBackpressureReduce,2, LD
io.reactivex.rxjava3.internal.operators.flowable.FlowableOnBackpressureLatest$BackpressureLatestSubscriber,io.reactivex.rxjava3.internal.operators.flowable.FlowableOnBackpressureReduce$BackpressureReduceSubscriber,2, LD
io.reactivex.rxjava3.internal.operators.flowable.FlowableOnBackpressureLatest$BackpressureLatestSubscriber,io.reactivex.rxjava3.core.Flowable,2, LD
io.reactivex.rxjava3.internal.operators.flowable.FlowableOnBackpressureLatest$BackpressureLatestSubscriber,io.reactivex.rxjava3.internal.operators.flowable.AbstractBackpressureThrottlingSubscriber,2, LD
io.reactivex.rxjava3.schedulers.Schedulers$SingleTask,io.reactivex.rxjava3.schedulers.Schedulers,7, LD
io.reactivex.rxjava3.schedulers.Schedulers$SingleTask,io.reactivex.rxjava3.schedulers.Schedulers$SingleHolder,7, LD
io.reactivex.rxjava3.schedulers.Schedulers$SingleTask,io.reactivex.rxjava3.schedulers.Schedulers$ComputationHolder,7, LD
io.reactivex.rxjava3.schedulers.Schedulers$SingleTask,io.reactivex.rxjava3.schedulers.Schedulers$IoHolder,7, LD
io.reactivex.rxjava3.schedulers.Schedulers$SingleTask,io.reactivex.rxjava3.schedulers.Schedulers$NewThreadHolder,7, LD
io.reactivex.rxjava3.schedulers.Schedulers$SingleTask,io.reactivex.rxjava3.schedulers.Schedulers$IOTask,7, LD
io.reactivex.rxjava3.schedulers.Schedulers$SingleTask,io.reactivex.rxjava3.schedulers.Schedulers$NewThreadTask,7, LD
io.reactivex.rxjava3.schedulers.Schedulers$SingleTask,io.reactivex.rxjava3.schedulers.Schedulers$ComputationTask,7, LD
io.reactivex.rxjava3.schedulers.Schedulers$ComputationTask,io.reactivex.rxjava3.schedulers.Schedulers,7, LD
io.reactivex.rxjava3.schedulers.Schedulers$ComputationTask,io.reactivex.rxjava3.schedulers.Schedulers$SingleHolder,7, LD
io.reactivex.rxjava3.schedulers.Schedulers$ComputationTask,io.reactivex.rxjava3.schedulers.Schedulers$ComputationHolder,7, LD
io.reactivex.rxjava3.schedulers.Schedulers$ComputationTask,io.reactivex.rxjava3.schedulers.Schedulers$IoHolder,7, LD
io.reactivex.rxjava3.schedulers.Schedulers$ComputationTask,io.reactivex.rxjava3.schedulers.Schedulers$NewThreadHolder,7, LD
io.reactivex.rxjava3.schedulers.Schedulers$ComputationTask,io.reactivex.rxjava3.schedulers.Schedulers$IOTask,7, LD
io.reactivex.rxjava3.schedulers.Schedulers$ComputationTask,io.reactivex.rxjava3.schedulers.Schedulers$NewThreadTask,7, LD
io.reactivex.rxjava3.schedulers.Schedulers$ComputationTask,io.reactivex.rxjava3.schedulers.Schedulers$SingleTask,7, LD
io.reactivex.rxjava3.internal.operators.flowable.FlowableOnBackpressureReduce,io.reactivex.rxjava3.internal.operators.flowable.FlowableOnBackpressureLatest,2, LD
io.reactivex.rxjava3.internal.operators.flowable.FlowableOnBackpressureReduce,io.reactivex.rxjava3.internal.operators.flowable.FlowableOnBackpressureLatest$BackpressureLatestSubscriber,2, LD
io.reactivex.rxjava3.internal.operators.flowable.FlowableOnBackpressureReduce,io.reactivex.rxjava3.internal.operators.flowable.FlowableOnBackpressureReduce$BackpressureReduceSubscriber,3, LD
io.reactivex.rxjava3.internal.operators.flowable.FlowableOnBackpressureReduce,io.reactivex.rxjava3.internal.operators.flowable.FlowableOnBackpressureReduceWith,2, LD
io.reactivex.rxjava3.internal.operators.flowable.FlowableOnBackpressureReduce,io.reactivex.rxjava3.internal.operators.flowable.FlowableOnBackpressureReduceWith$BackpressureReduceWithSubscriber,2, LD
io.reactivex.rxjava3.internal.operators.flowable.FlowableOnBackpressureReduce,io.reactivex.rxjava3.core.Flowable,2, LD
io.reactivex.rxjava3.internal.operators.flowable.FlowableOnBackpressureReduce,io.reactivex.rxjava3.internal.operators.flowable.AbstractBackpressureThrottlingSubscriber,2, LD
io.reactivex.rxjava3.schedulers.TestScheduler,io.reactivex.rxjava3.schedulers.TestScheduler$TimedRunnable,2, LD
io.reactivex.rxjava3.schedulers.TestScheduler,io.reactivex.rxjava3.schedulers.TestScheduler$TestWorker,2, LD
io.reactivex.rxjava3.internal.operators.flowable.FlowableWindowTimed,io.reactivex.rxjava3.internal.operators.observable.ObservableWindowTimed,3, LD
io.reactivex.rxjava3.internal.operators.flowable.FlowableWindowTimed,io.reactivex.rxjava3.internal.operators.observable.ObservableWindowTimed$AbstractWindowObserver,3, LD
io.reactivex.rxjava3.internal.operators.flowable.FlowableWindowTimed,io.reactivex.rxjava3.internal.operators.observable.ObservableWindowTimed$WindowExactUnboundedObserver,3, LD
io.reactivex.rxjava3.internal.operators.flowable.FlowableWindowTimed,io.reactivex.rxjava3.internal.operators.observable.ObservableWindowTimed$WindowExactBoundedObserver,3, LD
io.reactivex.rxjava3.internal.operators.flowable.FlowableWindowTimed,io.reactivex.rxjava3.internal.operators.observable.ObservableWindowTimed$WindowSkipObserver,3, LD
io.reactivex.rxjava3.internal.operators.flowable.FlowableWindowTimed,io.reactivex.rxjava3.internal.operators.flowable.FlowableWindowTimed$AbstractWindowSubscriber,4, LD
io.reactivex.rxjava3.internal.operators.flowable.FlowableWindowTimed,io.reactivex.rxjava3.internal.operators.flowable.FlowableWindowTimed$WindowExactUnboundedSubscriber,4, LD
io.reactivex.rxjava3.internal.operators.flowable.FlowableWindowTimed,io.reactivex.rxjava3.internal.operators.flowable.FlowableWindowTimed$WindowExactBoundedSubscriber,4, LD
io.reactivex.rxjava3.internal.operators.flowable.FlowableWindowTimed,io.reactivex.rxjava3.internal.operators.flowable.FlowableWindowTimed$WindowSkipSubscriber,4, LD
io.reactivex.rxjava3.parallel.ParallelFlowable,io.reactivex.rxjava3.core.Completable,4, LD
io.reactivex.rxjava3.parallel.ParallelFlowable,io.reactivex.rxjava3.core.Flowable,4, LD
io.reactivex.rxjava3.parallel.ParallelFlowable,io.reactivex.rxjava3.core.Maybe,4, LD
io.reactivex.rxjava3.parallel.ParallelFlowable,io.reactivex.rxjava3.core.Observable,4, LD
io.reactivex.rxjava3.parallel.ParallelFlowable,io.reactivex.rxjava3.core.Single,4, LD
io.reactivex.rxjava3.internal.schedulers.SchedulerWhen,io.reactivex.rxjava3.internal.schedulers.SchedulerWhen$ScheduledAction,2, LD
io.reactivex.rxjava3.internal.schedulers.SchedulerWhen,io.reactivex.rxjava3.internal.schedulers.SchedulerWhen$ImmediateAction,2, LD
io.reactivex.rxjava3.internal.schedulers.SchedulerWhen,io.reactivex.rxjava3.internal.schedulers.SchedulerWhen$DelayedAction,2, LD
io.reactivex.rxjava3.internal.schedulers.SchedulerWhen,io.reactivex.rxjava3.internal.schedulers.SchedulerWhen$OnCompletedAction,2, LD
io.reactivex.rxjava3.internal.schedulers.SchedulerWhen,io.reactivex.rxjava3.internal.schedulers.SchedulerWhen$CreateWorkerFunction,2, LD
io.reactivex.rxjava3.internal.schedulers.SchedulerWhen,io.reactivex.rxjava3.internal.schedulers.SchedulerWhen$QueueWorker,2, LD
io.reactivex.rxjava3.internal.schedulers.SchedulerWhen,io.reactivex.rxjava3.internal.schedulers.SchedulerWhen$SubscribedDisposable,2, LD
io.reactivex.rxjava3.internal.schedulers.SchedulerWhen,io.reactivex.rxjava3.internal.fuseable.FuseToFlowable,2, LD
io.reactivex.rxjava3.internal.schedulers.SchedulerWhen,io.reactivex.rxjava3.internal.fuseable.FuseToMaybe,2, LD
io.reactivex.rxjava3.internal.jdk8.FlowableFromStream$AbstractStreamSubscription,io.reactivex.rxjava3.internal.jdk8.FlowableFromStream,2, LD
io.reactivex.rxjava3.internal.jdk8.FlowableFromStream$AbstractStreamSubscription,io.reactivex.rxjava3.internal.jdk8.FlowableFromStream$StreamSubscription,2, LD
io.reactivex.rxjava3.internal.jdk8.FlowableFromStream$AbstractStreamSubscription,io.reactivex.rxjava3.internal.jdk8.FlowableFromStream$StreamConditionalSubscription,2, LD
io.reactivex.rxjava3.internal.jdk8.FlowableFromStream$AbstractStreamSubscription,io.reactivex.rxjava3.core.Flowable,2, LD
io.reactivex.rxjava3.internal.schedulers.AbstractDirectTask,io.reactivex.rxjava3.internal.schedulers.ScheduledDirectPeriodicTask,2, LD
io.reactivex.rxjava3.internal.jdk8.FlowableCollectWithCollector$CollectorSubscriber,io.reactivex.rxjava3.core.Flowable,2, LD
io.reactivex.rxjava3.internal.jdk8.FlowableCollectWithCollector$CollectorSubscriber,io.reactivex.rxjava3.internal.jdk8.FlowableCollectWithCollector,2, LD
io.reactivex.rxjava3.internal.jdk8.FlowableCollectWithCollector$CollectorSubscriber,io.reactivex.rxjava3.internal.jdk8.FlowableCollectWithCollectorSingle,2, LD
io.reactivex.rxjava3.internal.jdk8.FlowableCollectWithCollector$CollectorSubscriber,io.reactivex.rxjava3.internal.jdk8.FlowableCollectWithCollectorSingle$CollectorSingleObserver,2, LD
io.reactivex.rxjava3.internal.operators.observable.ObservableGroupBy$GroupedUnicast,io.reactivex.rxjava3.internal.operators.flowable.FlowableGroupBy,2, LD
io.reactivex.rxjava3.internal.operators.observable.ObservableGroupBy$GroupedUnicast,io.reactivex.rxjava3.internal.operators.flowable.FlowableGroupBy$GroupBySubscriber,2, LD
io.reactivex.rxjava3.internal.operators.observable.ObservableGroupBy$GroupedUnicast,io.reactivex.rxjava3.internal.operators.flowable.FlowableGroupBy$EvictionAction,2, LD
io.reactivex.rxjava3.internal.operators.observable.ObservableGroupBy$GroupedUnicast,io.reactivex.rxjava3.internal.operators.flowable.FlowableGroupBy$State,2, LD
io.reactivex.rxjava3.internal.operators.observable.ObservableGroupBy$GroupedUnicast,io.reactivex.rxjava3.internal.operators.flowable.FlowableGroupBy$GroupedUnicast,2, LD
io.reactivex.rxjava3.internal.operators.observable.ObservableGroupBy$GroupedUnicast,io.reactivex.rxjava3.internal.operators.observable.ObservableGroupBy,2, LD
io.reactivex.rxjava3.internal.operators.observable.ObservableGroupBy$GroupedUnicast,io.reactivex.rxjava3.internal.operators.observable.ObservableGroupBy$GroupByObserver,2, LD
io.reactivex.rxjava3.internal.operators.observable.ObservableGroupBy$GroupedUnicast,io.reactivex.rxjava3.internal.operators.observable.ObservableGroupBy$State,2, LD
io.reactivex.rxjava3.internal.operators.flowable.FlowableOnBackpressureReduce$BackpressureReduceSubscriber,io.reactivex.rxjava3.internal.operators.flowable.FlowableOnBackpressureLatest,2, LD
io.reactivex.rxjava3.internal.operators.flowable.FlowableOnBackpressureReduce$BackpressureReduceSubscriber,io.reactivex.rxjava3.internal.operators.flowable.FlowableOnBackpressureLatest$BackpressureLatestSubscriber,2, LD
io.reactivex.rxjava3.internal.operators.flowable.FlowableOnBackpressureReduce$BackpressureReduceSubscriber,io.reactivex.rxjava3.internal.operators.flowable.FlowableOnBackpressureReduce,3, LD
io.reactivex.rxjava3.internal.operators.flowable.FlowableOnBackpressureReduce$BackpressureReduceSubscriber,io.reactivex.rxjava3.internal.operators.flowable.FlowableOnBackpressureReduceWith,2, LD
io.reactivex.rxjava3.internal.operators.flowable.FlowableOnBackpressureReduce$BackpressureReduceSubscriber,io.reactivex.rxjava3.internal.operators.flowable.FlowableOnBackpressureReduceWith$BackpressureReduceWithSubscriber,2, LD
io.reactivex.rxjava3.internal.operators.flowable.FlowableOnBackpressureReduce$BackpressureReduceSubscriber,io.reactivex.rxjava3.core.Flowable,2, LD
io.reactivex.rxjava3.internal.operators.flowable.FlowableOnBackpressureReduce$BackpressureReduceSubscriber,io.reactivex.rxjava3.internal.operators.flowable.AbstractBackpressureThrottlingSubscriber,2, LD
io.reactivex.rxjava3.processors.MulticastProcessor$MulticastSubscription,io.reactivex.rxjava3.processors.MulticastProcessor,3, LD
io.reactivex.rxjava3.internal.schedulers.SchedulerWhen$ImmediateAction,io.reactivex.rxjava3.internal.schedulers.SchedulerWhen,2, LD
io.reactivex.rxjava3.internal.schedulers.SchedulerWhen$ImmediateAction,io.reactivex.rxjava3.internal.schedulers.SchedulerWhen$ScheduledAction,2, LD
io.reactivex.rxjava3.internal.schedulers.SchedulerWhen$ImmediateAction,io.reactivex.rxjava3.internal.schedulers.SchedulerWhen$DelayedAction,2, LD
io.reactivex.rxjava3.internal.schedulers.SchedulerWhen$ImmediateAction,io.reactivex.rxjava3.internal.schedulers.SchedulerWhen$OnCompletedAction,2, LD
io.reactivex.rxjava3.internal.schedulers.SchedulerWhen$ImmediateAction,io.reactivex.rxjava3.internal.schedulers.SchedulerWhen$CreateWorkerFunction,2, LD
io.reactivex.rxjava3.internal.schedulers.SchedulerWhen$ImmediateAction,io.reactivex.rxjava3.internal.schedulers.SchedulerWhen$QueueWorker,2, LD
io.reactivex.rxjava3.internal.schedulers.SchedulerWhen$ImmediateAction,io.reactivex.rxjava3.internal.schedulers.SchedulerWhen$SubscribedDisposable,2, LD
io.reactivex.rxjava3.internal.schedulers.SchedulerWhen$ImmediateAction,io.reactivex.rxjava3.internal.fuseable.FuseToFlowable,2, LD
io.reactivex.rxjava3.internal.schedulers.SchedulerWhen$ImmediateAction,io.reactivex.rxjava3.internal.fuseable.FuseToMaybe,2, LD
io.reactivex.rxjava3.internal.schedulers.ScheduledDirectPeriodicTask,io.reactivex.rxjava3.internal.schedulers.ScheduledDirectTask,2, LD
io.reactivex.rxjava3.internal.schedulers.ScheduledDirectPeriodicTask,io.reactivex.rxjava3.internal.schedulers.ScheduledRunnable,2, LD
io.reactivex.rxjava3.internal.schedulers.ScheduledDirectPeriodicTask,io.reactivex.rxjava3.internal.schedulers.AbstractDirectTask,2, LD
io.reactivex.rxjava3.internal.schedulers.ScheduledDirectPeriodicTask,io.reactivex.rxjava3.internal.schedulers.ExecutorScheduler,2, LD
io.reactivex.rxjava3.internal.schedulers.ScheduledDirectPeriodicTask,io.reactivex.rxjava3.internal.schedulers.ExecutorScheduler$ExecutorWorker,2, LD
io.reactivex.rxjava3.internal.schedulers.ScheduledDirectPeriodicTask,io.reactivex.rxjava3.internal.schedulers.ExecutorScheduler$DelayedRunnable,2, LD
io.reactivex.rxjava3.internal.schedulers.ScheduledDirectPeriodicTask,io.reactivex.rxjava3.internal.schedulers.ExecutorScheduler$DelayedDispose,2, LD
io.reactivex.rxjava3.internal.schedulers.SchedulerWhen$DelayedAction,io.reactivex.rxjava3.internal.schedulers.SchedulerWhen,2, LD
io.reactivex.rxjava3.internal.schedulers.SchedulerWhen$DelayedAction,io.reactivex.rxjava3.internal.schedulers.SchedulerWhen$ScheduledAction,2, LD
io.reactivex.rxjava3.internal.schedulers.SchedulerWhen$DelayedAction,io.reactivex.rxjava3.internal.schedulers.SchedulerWhen$ImmediateAction,2, LD
io.reactivex.rxjava3.internal.schedulers.SchedulerWhen$DelayedAction,io.reactivex.rxjava3.internal.schedulers.SchedulerWhen$OnCompletedAction,2, LD
io.reactivex.rxjava3.internal.schedulers.SchedulerWhen$DelayedAction,io.reactivex.rxjava3.internal.schedulers.SchedulerWhen$CreateWorkerFunction,2, LD
io.reactivex.rxjava3.internal.schedulers.SchedulerWhen$DelayedAction,io.reactivex.rxjava3.internal.schedulers.SchedulerWhen$QueueWorker,2, LD
io.reactivex.rxjava3.internal.schedulers.SchedulerWhen$DelayedAction,io.reactivex.rxjava3.internal.schedulers.SchedulerWhen$SubscribedDisposable,2, LD
io.reactivex.rxjava3.internal.schedulers.SchedulerWhen$DelayedAction,io.reactivex.rxjava3.internal.fuseable.FuseToFlowable,2, LD
io.reactivex.rxjava3.internal.schedulers.SchedulerWhen$DelayedAction,io.reactivex.rxjava3.internal.fuseable.FuseToMaybe,2, LD
io.reactivex.rxjava3.core.Observable,io.reactivex.rxjava3.core.Completable,13, LD
io.reactivex.rxjava3.core.Observable,io.reactivex.rxjava3.core.Flowable,32, LD
io.reactivex.rxjava3.core.Observable,io.reactivex.rxjava3.core.Single,13, LD
io.reactivex.rxjava3.core.Observable,io.reactivex.rxjava3.core.Maybe,13, LD
io.reactivex.rxjava3.internal.schedulers.ScheduledDirectTask,io.reactivex.rxjava3.internal.schedulers.ScheduledDirectPeriodicTask,2, LD
io.reactivex.rxjava3.internal.schedulers.ScheduledDirectTask,io.reactivex.rxjava3.internal.schedulers.ExecutorScheduler,2, LD
io.reactivex.rxjava3.internal.schedulers.ScheduledDirectTask,io.reactivex.rxjava3.internal.schedulers.ExecutorScheduler$ExecutorWorker,2, LD
io.reactivex.rxjava3.internal.schedulers.ScheduledDirectTask,io.reactivex.rxjava3.internal.schedulers.ExecutorScheduler$DelayedRunnable,2, LD
io.reactivex.rxjava3.internal.schedulers.ScheduledDirectTask,io.reactivex.rxjava3.internal.schedulers.ExecutorScheduler$DelayedDispose,2, LD
io.reactivex.rxjava3.internal.operators.flowable.FlowableOnBackpressureReduceWith,io.reactivex.rxjava3.internal.operators.flowable.FlowableOnBackpressureReduce,2, LD
io.reactivex.rxjava3.internal.operators.flowable.FlowableOnBackpressureReduceWith,io.reactivex.rxjava3.internal.operators.flowable.FlowableOnBackpressureReduce$BackpressureReduceSubscriber,2, LD
io.reactivex.rxjava3.internal.operators.flowable.FlowableOnBackpressureReduceWith,io.reactivex.rxjava3.internal.operators.flowable.FlowableOnBackpressureReduceWith$BackpressureReduceWithSubscriber,2, LD
io.reactivex.rxjava3.internal.jdk8.FlowableFromStream$StreamSubscription,io.reactivex.rxjava3.internal.jdk8.FlowableFromStream,2, LD
io.reactivex.rxjava3.internal.jdk8.FlowableFromStream$StreamSubscription,io.reactivex.rxjava3.internal.jdk8.FlowableFromStream$AbstractStreamSubscription,2, LD
io.reactivex.rxjava3.internal.jdk8.FlowableFromStream$StreamSubscription,io.reactivex.rxjava3.internal.jdk8.FlowableFromStream$StreamConditionalSubscription,2, LD
io.reactivex.rxjava3.internal.jdk8.FlowableFromStream$StreamSubscription,io.reactivex.rxjava3.core.Flowable,2, LD
io.reactivex.rxjava3.internal.schedulers.IoScheduler,io.reactivex.rxjava3.internal.schedulers.IoScheduler$CachedWorkerPool,2, LD
io.reactivex.rxjava3.internal.schedulers.IoScheduler,io.reactivex.rxjava3.internal.schedulers.IoScheduler$EventLoopWorker,2, LD
io.reactivex.rxjava3.internal.schedulers.IoScheduler,io.reactivex.rxjava3.internal.schedulers.IoScheduler$ThreadWorker,2, LD
io.reactivex.rxjava3.internal.schedulers.IoScheduler,io.reactivex.rxjava3.schedulers.Schedulers,2, LD
io.reactivex.rxjava3.internal.schedulers.IoScheduler,io.reactivex.rxjava3.schedulers.Schedulers$SingleHolder,2, LD
io.reactivex.rxjava3.internal.schedulers.IoScheduler,io.reactivex.rxjava3.schedulers.Schedulers$ComputationHolder,2, LD
io.reactivex.rxjava3.internal.schedulers.IoScheduler,io.reactivex.rxjava3.schedulers.Schedulers$IoHolder,2, LD
io.reactivex.rxjava3.internal.schedulers.IoScheduler,io.reactivex.rxjava3.schedulers.Schedulers$NewThreadHolder,2, LD
io.reactivex.rxjava3.internal.schedulers.IoScheduler,io.reactivex.rxjava3.schedulers.Schedulers$IOTask,2, LD
io.reactivex.rxjava3.internal.schedulers.IoScheduler,io.reactivex.rxjava3.schedulers.Schedulers$NewThreadTask,2, LD
io.reactivex.rxjava3.internal.schedulers.IoScheduler,io.reactivex.rxjava3.schedulers.Schedulers$SingleTask,2, LD
io.reactivex.rxjava3.internal.schedulers.IoScheduler,io.reactivex.rxjava3.schedulers.Schedulers$ComputationTask,2, LD
io.reactivex.rxjava3.internal.operators.flowable.FlowableWindow$WindowSkipSubscriber,io.reactivex.rxjava3.internal.operators.flowable.FlowableWindow,2, LD
io.reactivex.rxjava3.internal.operators.flowable.FlowableWindow$WindowSkipSubscriber,io.reactivex.rxjava3.internal.operators.flowable.FlowableWindow$WindowExactSubscriber,2, LD
io.reactivex.rxjava3.internal.operators.flowable.FlowableWindow$WindowSkipSubscriber,io.reactivex.rxjava3.internal.operators.flowable.FlowableWindow$WindowOverlapSubscriber,2, LD
io.reactivex.rxjava3.internal.operators.flowable.FlowableWindow$WindowSkipSubscriber,io.reactivex.rxjava3.internal.operators.flowable.FlowableWindowTimed,2, LD
io.reactivex.rxjava3.internal.operators.flowable.FlowableWindow$WindowSkipSubscriber,io.reactivex.rxjava3.internal.operators.flowable.FlowableWindowTimed$AbstractWindowSubscriber,2, LD
io.reactivex.rxjava3.internal.operators.flowable.FlowableWindow$WindowSkipSubscriber,io.reactivex.rxjava3.internal.operators.flowable.FlowableWindowTimed$WindowExactUnboundedSubscriber,2, LD
io.reactivex.rxjava3.internal.operators.flowable.FlowableWindow$WindowSkipSubscriber,io.reactivex.rxjava3.internal.operators.flowable.FlowableWindowTimed$WindowExactBoundedSubscriber,2, LD
io.reactivex.rxjava3.internal.operators.flowable.FlowableWindow$WindowSkipSubscriber,io.reactivex.rxjava3.internal.operators.flowable.FlowableWindowTimed$WindowSkipSubscriber,2, LD
io.reactivex.rxjava3.internal.operators.flowable.FlowableWindowTimed$AbstractWindowSubscriber,io.reactivex.rxjava3.internal.operators.observable.ObservableWindowTimed,3, LD
io.reactivex.rxjava3.internal.operators.flowable.FlowableWindowTimed$AbstractWindowSubscriber,io.reactivex.rxjava3.internal.operators.observable.ObservableWindowTimed$AbstractWindowObserver,3, LD
io.reactivex.rxjava3.internal.operators.flowable.FlowableWindowTimed$AbstractWindowSubscriber,io.reactivex.rxjava3.internal.operators.observable.ObservableWindowTimed$WindowExactUnboundedObserver,3, LD
io.reactivex.rxjava3.internal.operators.flowable.FlowableWindowTimed$AbstractWindowSubscriber,io.reactivex.rxjava3.internal.operators.observable.ObservableWindowTimed$WindowExactBoundedObserver,3, LD
io.reactivex.rxjava3.internal.operators.flowable.FlowableWindowTimed$AbstractWindowSubscriber,io.reactivex.rxjava3.internal.operators.observable.ObservableWindowTimed$WindowSkipObserver,3, LD
io.reactivex.rxjava3.internal.operators.flowable.FlowableWindowTimed$AbstractWindowSubscriber,io.reactivex.rxjava3.internal.operators.flowable.FlowableWindowTimed,4, LD
io.reactivex.rxjava3.internal.operators.flowable.FlowableWindowTimed$AbstractWindowSubscriber,io.reactivex.rxjava3.internal.operators.flowable.FlowableWindowTimed$WindowExactUnboundedSubscriber,4, LD
io.reactivex.rxjava3.internal.operators.flowable.FlowableWindowTimed$AbstractWindowSubscriber,io.reactivex.rxjava3.internal.operators.flowable.FlowableWindowTimed$WindowExactBoundedSubscriber,4, LD
io.reactivex.rxjava3.internal.operators.flowable.FlowableWindowTimed$AbstractWindowSubscriber,io.reactivex.rxjava3.internal.operators.flowable.FlowableWindowTimed$WindowSkipSubscriber,4, LD
io.reactivex.rxjava3.internal.schedulers.SchedulerWhen$OnCompletedAction,io.reactivex.rxjava3.internal.schedulers.SchedulerWhen,2, LD
io.reactivex.rxjava3.internal.schedulers.SchedulerWhen$OnCompletedAction,io.reactivex.rxjava3.internal.schedulers.SchedulerWhen$ScheduledAction,2, LD
io.reactivex.rxjava3.internal.schedulers.SchedulerWhen$OnCompletedAction,io.reactivex.rxjava3.internal.schedulers.SchedulerWhen$ImmediateAction,2, LD
io.reactivex.rxjava3.internal.schedulers.SchedulerWhen$OnCompletedAction,io.reactivex.rxjava3.internal.schedulers.SchedulerWhen$DelayedAction,2, LD
io.reactivex.rxjava3.internal.schedulers.SchedulerWhen$OnCompletedAction,io.reactivex.rxjava3.internal.schedulers.SchedulerWhen$CreateWorkerFunction,2, LD
io.reactivex.rxjava3.internal.schedulers.SchedulerWhen$OnCompletedAction,io.reactivex.rxjava3.internal.schedulers.SchedulerWhen$QueueWorker,2, LD
io.reactivex.rxjava3.internal.schedulers.SchedulerWhen$OnCompletedAction,io.reactivex.rxjava3.internal.schedulers.SchedulerWhen$SubscribedDisposable,2, LD
io.reactivex.rxjava3.internal.schedulers.SchedulerWhen$OnCompletedAction,io.reactivex.rxjava3.internal.fuseable.FuseToFlowable,2, LD
io.reactivex.rxjava3.internal.schedulers.SchedulerWhen$OnCompletedAction,io.reactivex.rxjava3.internal.fuseable.FuseToMaybe,2, LD
io.reactivex.rxjava3.internal.schedulers.ScheduledRunnable,io.reactivex.rxjava3.internal.schedulers.ScheduledDirectPeriodicTask,2, LD
io.reactivex.rxjava3.internal.operators.observable.ObservableWindowTimed$AbstractWindowObserver,io.reactivex.rxjava3.internal.operators.flowable.FlowableWindowTimed$WindowSkipSubscriber,3, LD
io.reactivex.rxjava3.internal.operators.observable.ObservableWindowTimed$AbstractWindowObserver,io.reactivex.rxjava3.internal.operators.observable.ObservableWindowTimed,3, LD
io.reactivex.rxjava3.internal.operators.observable.ObservableWindowTimed$AbstractWindowObserver,io.reactivex.rxjava3.internal.operators.observable.ObservableWindowTimed$WindowExactUnboundedObserver,3, LD
io.reactivex.rxjava3.internal.operators.observable.ObservableWindowTimed$AbstractWindowObserver,io.reactivex.rxjava3.internal.operators.observable.ObservableWindowTimed$WindowExactBoundedObserver,3, LD
io.reactivex.rxjava3.internal.operators.observable.ObservableWindowTimed$AbstractWindowObserver,io.reactivex.rxjava3.internal.operators.observable.ObservableWindowTimed$WindowSkipObserver,3, LD
io.reactivex.rxjava3.internal.operators.observable.ObservableWindowTimed$AbstractWindowObserver,io.reactivex.rxjava3.internal.operators.flowable.FlowableWindowTimed,3, LD
io.reactivex.rxjava3.internal.operators.observable.ObservableWindowTimed$AbstractWindowObserver,io.reactivex.rxjava3.internal.operators.flowable.FlowableWindowTimed$AbstractWindowSubscriber,3, LD
io.reactivex.rxjava3.internal.operators.observable.ObservableWindowTimed$AbstractWindowObserver,io.reactivex.rxjava3.internal.operators.flowable.FlowableWindowTimed$WindowExactUnboundedSubscriber,3, LD
io.reactivex.rxjava3.internal.operators.observable.ObservableWindowTimed$AbstractWindowObserver,io.reactivex.rxjava3.internal.operators.flowable.FlowableWindowTimed$WindowExactBoundedSubscriber,3, LD
io.reactivex.rxjava3.internal.schedulers.SchedulerWhen$CreateWorkerFunction,io.reactivex.rxjava3.internal.schedulers.SchedulerWhen,2, LD
io.reactivex.rxjava3.internal.schedulers.SchedulerWhen$CreateWorkerFunction,io.reactivex.rxjava3.internal.schedulers.SchedulerWhen$ScheduledAction,2, LD
io.reactivex.rxjava3.internal.schedulers.SchedulerWhen$CreateWorkerFunction,io.reactivex.rxjava3.internal.schedulers.SchedulerWhen$ImmediateAction,2, LD
io.reactivex.rxjava3.internal.schedulers.SchedulerWhen$CreateWorkerFunction,io.reactivex.rxjava3.internal.schedulers.SchedulerWhen$DelayedAction,2, LD
io.reactivex.rxjava3.internal.schedulers.SchedulerWhen$CreateWorkerFunction,io.reactivex.rxjava3.internal.schedulers.SchedulerWhen$OnCompletedAction,2, LD
io.reactivex.rxjava3.internal.schedulers.SchedulerWhen$CreateWorkerFunction,io.reactivex.rxjava3.internal.schedulers.SchedulerWhen$QueueWorker,2, LD
io.reactivex.rxjava3.internal.schedulers.SchedulerWhen$CreateWorkerFunction,io.reactivex.rxjava3.internal.schedulers.SchedulerWhen$SubscribedDisposable,2, LD
io.reactivex.rxjava3.internal.schedulers.SchedulerWhen$CreateWorkerFunction,io.reactivex.rxjava3.internal.fuseable.FuseToFlowable,2, LD
io.reactivex.rxjava3.internal.schedulers.SchedulerWhen$CreateWorkerFunction,io.reactivex.rxjava3.internal.fuseable.FuseToMaybe,2, LD
io.reactivex.rxjava3.internal.operators.flowable.FlowableWindowTimed$WindowSkipSubscriber,io.reactivex.rxjava3.internal.operators.observable.ObservableWindowTimed,3, LD
io.reactivex.rxjava3.internal.operators.flowable.FlowableWindowTimed$WindowSkipSubscriber,io.reactivex.rxjava3.internal.operators.observable.ObservableWindowTimed$AbstractWindowObserver,3, LD
io.reactivex.rxjava3.internal.operators.flowable.FlowableWindowTimed$WindowSkipSubscriber,io.reactivex.rxjava3.internal.operators.observable.ObservableWindowTimed$WindowExactUnboundedObserver,3, LD
io.reactivex.rxjava3.internal.operators.flowable.FlowableWindowTimed$WindowSkipSubscriber,io.reactivex.rxjava3.internal.operators.observable.ObservableWindowTimed$WindowExactBoundedObserver,3, LD
io.reactivex.rxjava3.internal.operators.flowable.FlowableWindowTimed$WindowSkipSubscriber,io.reactivex.rxjava3.internal.operators.observable.ObservableWindowTimed$WindowSkipObserver,3, LD
io.reactivex.rxjava3.internal.operators.flowable.FlowableWindowTimed$WindowSkipSubscriber,io.reactivex.rxjava3.internal.operators.flowable.FlowableWindowTimed,4, LD
io.reactivex.rxjava3.internal.operators.flowable.FlowableWindowTimed$WindowSkipSubscriber,io.reactivex.rxjava3.internal.operators.flowable.FlowableWindowTimed$AbstractWindowSubscriber,4, LD
io.reactivex.rxjava3.internal.operators.flowable.FlowableWindowTimed$WindowSkipSubscriber,io.reactivex.rxjava3.internal.operators.flowable.FlowableWindowTimed$WindowExactUnboundedSubscriber,4, LD
io.reactivex.rxjava3.internal.operators.flowable.FlowableWindowTimed$WindowSkipSubscriber,io.reactivex.rxjava3.internal.operators.flowable.FlowableWindowTimed$WindowExactBoundedSubscriber,4, LD
io.reactivex.rxjava3.internal.jdk8.FlowableCollectWithCollectorSingle,io.reactivex.rxjava3.core.Flowable,2, LD
io.reactivex.rxjava3.internal.jdk8.FlowableCollectWithCollectorSingle,io.reactivex.rxjava3.internal.jdk8.FlowableCollectWithCollector,2, LD
io.reactivex.rxjava3.internal.jdk8.FlowableCollectWithCollectorSingle,io.reactivex.rxjava3.internal.jdk8.FlowableCollectWithCollector$CollectorSubscriber,2, LD
io.reactivex.rxjava3.internal.jdk8.FlowableCollectWithCollectorSingle,io.reactivex.rxjava3.internal.jdk8.FlowableCollectWithCollectorSingle$CollectorSingleObserver,2, LD
io.reactivex.rxjava3.processors.MulticastProcessor,io.reactivex.rxjava3.processors.MulticastProcessor$MulticastSubscription,3, LD
io.reactivex.rxjava3.internal.jdk8.FlowableFromStream$StreamConditionalSubscription,io.reactivex.rxjava3.internal.jdk8.FlowableFromStream,2, LD
io.reactivex.rxjava3.internal.jdk8.FlowableFromStream$StreamConditionalSubscription,io.reactivex.rxjava3.internal.jdk8.FlowableFromStream$AbstractStreamSubscription,2, LD
io.reactivex.rxjava3.internal.jdk8.FlowableFromStream$StreamConditionalSubscription,io.reactivex.rxjava3.internal.jdk8.FlowableFromStream$StreamSubscription,2, LD
io.reactivex.rxjava3.internal.jdk8.FlowableFromStream$StreamConditionalSubscription,io.reactivex.rxjava3.core.Flowable,2, LD
io.reactivex.rxjava3.core.Scheduler$Worker,io.reactivex.rxjava3.core.Scheduler,6, LD
io.reactivex.rxjava3.core.Scheduler$Worker,io.reactivex.rxjava3.core.Scheduler$PeriodicDirectTask,6, LD
io.reactivex.rxjava3.core.Scheduler$Worker,io.reactivex.rxjava3.core.Scheduler$DisposeTask,6, LD
io.reactivex.rxjava3.schedulers.TestScheduler$TimedRunnable,io.reactivex.rxjava3.schedulers.TestScheduler,2, LD
io.reactivex.rxjava3.schedulers.TestScheduler$TimedRunnable,io.reactivex.rxjava3.schedulers.TestScheduler$TestWorker,2, LD
io.reactivex.rxjava3.internal.operators.single.SingleZipArray$ZipCoordinator,io.reactivex.rxjava3.internal.operators.single.SingleZipArray,2, LD
io.reactivex.rxjava3.internal.operators.single.SingleZipArray$ZipCoordinator,io.reactivex.rxjava3.internal.operators.single.SingleZipArray$ZipSingleObserver,2, LD
io.reactivex.rxjava3.internal.operators.single.SingleZipArray$ZipCoordinator,io.reactivex.rxjava3.internal.operators.single.SingleZipArray$SingletonArrayFunc,2, LD
io.reactivex.rxjava3.internal.operators.single.SingleZipArray$ZipCoordinator,io.reactivex.rxjava3.internal.operators.maybe.MaybeZipArray,2, LD
io.reactivex.rxjava3.internal.operators.single.SingleZipArray$ZipCoordinator,io.reactivex.rxjava3.internal.operators.maybe.MaybeZipArray$ZipMaybeObserver,2, LD
io.reactivex.rxjava3.internal.operators.single.SingleZipArray$ZipCoordinator,io.reactivex.rxjava3.internal.operators.maybe.MaybeZipArray$SingletonArrayFunc,2, LD
io.reactivex.rxjava3.internal.operators.single.SingleZipArray$ZipCoordinator,io.reactivex.rxjava3.internal.operators.maybe.MaybeZipArray$ZipCoordinator,2, LD
io.reactivex.rxjava3.internal.operators.observable.ObservableGroupBy$State,io.reactivex.rxjava3.internal.operators.observable.ObservableGroupBy$GroupedUnicast,2, LD
io.reactivex.rxjava3.internal.operators.observable.ObservableGroupBy$State,io.reactivex.rxjava3.internal.operators.flowable.FlowableGroupBy,2, LD
io.reactivex.rxjava3.internal.operators.observable.ObservableGroupBy$State,io.reactivex.rxjava3.internal.operators.flowable.FlowableGroupBy$GroupBySubscriber,2, LD
io.reactivex.rxjava3.internal.operators.observable.ObservableGroupBy$State,io.reactivex.rxjava3.internal.operators.flowable.FlowableGroupBy$EvictionAction,2, LD
io.reactivex.rxjava3.internal.operators.observable.ObservableGroupBy$State,io.reactivex.rxjava3.internal.operators.flowable.FlowableGroupBy$State,2, LD
io.reactivex.rxjava3.internal.operators.observable.ObservableGroupBy$State,io.reactivex.rxjava3.internal.operators.flowable.FlowableGroupBy$GroupedUnicast,2, LD
io.reactivex.rxjava3.internal.operators.observable.ObservableGroupBy$State,io.reactivex.rxjava3.internal.operators.observable.ObservableGroupBy,2, LD
io.reactivex.rxjava3.internal.operators.observable.ObservableGroupBy$State,io.reactivex.rxjava3.internal.operators.observable.ObservableGroupBy$GroupByObserver,2, LD
io.reactivex.rxjava3.internal.operators.flowable.FlowableWindow,io.reactivex.rxjava3.internal.operators.flowable.FlowableWindow$WindowExactSubscriber,2, LD
io.reactivex.rxjava3.internal.operators.flowable.FlowableWindow,io.reactivex.rxjava3.internal.operators.flowable.FlowableWindow$WindowSkipSubscriber,2, LD
io.reactivex.rxjava3.internal.operators.flowable.FlowableWindow,io.reactivex.rxjava3.internal.operators.flowable.FlowableWindow$WindowOverlapSubscriber,2, LD
io.reactivex.rxjava3.internal.operators.flowable.FlowableWindow,io.reactivex.rxjava3.internal.operators.flowable.FlowableWindowTimed,2, LD
io.reactivex.rxjava3.internal.operators.flowable.FlowableWindow,io.reactivex.rxjava3.internal.operators.flowable.FlowableWindowTimed$AbstractWindowSubscriber,2, LD
io.reactivex.rxjava3.internal.operators.flowable.FlowableWindow,io.reactivex.rxjava3.internal.operators.flowable.FlowableWindowTimed$WindowExactUnboundedSubscriber,2, LD
io.reactivex.rxjava3.internal.operators.flowable.FlowableWindow,io.reactivex.rxjava3.internal.operators.flowable.FlowableWindowTimed$WindowExactBoundedSubscriber,2, LD
io.reactivex.rxjava3.internal.operators.flowable.FlowableWindow,io.reactivex.rxjava3.internal.operators.flowable.FlowableWindowTimed$WindowSkipSubscriber,2, LD
io.reactivex.rxjava3.internal.operators.flowable.BlockingFlowableMostRecent,io.reactivex.rxjava3.internal.operators.flowable.BlockingFlowableMostRecent$MostRecentSubscriber,2, LD
io.reactivex.rxjava3.internal.operators.flowable.BlockingFlowableMostRecent,io.reactivex.rxjava3.internal.operators.observable.BlockingObservableMostRecent,2, LD
io.reactivex.rxjava3.internal.operators.flowable.BlockingFlowableMostRecent,io.reactivex.rxjava3.internal.operators.observable.BlockingObservableMostRecent$MostRecentObserver,2, LD
io.reactivex.rxjava3.internal.operators.flowable.BlockingFlowableMostRecent,io.reactivex.rxjava3.core.Flowable,2, LD
io.reactivex.rxjava3.internal.operators.flowable.BlockingFlowableMostRecent,io.reactivex.rxjava3.core.Observable,2, LD
io.reactivex.rxjava3.core.Completable,io.reactivex.rxjava3.core.Flowable,12, LD
io.reactivex.rxjava3.core.Completable,io.reactivex.rxjava3.core.Maybe,21, LD
io.reactivex.rxjava3.core.Completable,io.reactivex.rxjava3.core.Observable,13, LD
io.reactivex.rxjava3.core.Completable,io.reactivex.rxjava3.core.Single,17, LD
io.reactivex.rxjava3.internal.operators.flowable.FlowableGroupBy$EvictionAction,io.reactivex.rxjava3.internal.operators.flowable.FlowableGroupBy,10, LD
io.reactivex.rxjava3.internal.operators.flowable.FlowableGroupBy$EvictionAction,io.reactivex.rxjava3.internal.operators.flowable.FlowableGroupBy$GroupBySubscriber,10, LD
io.reactivex.rxjava3.internal.operators.flowable.FlowableGroupBy$EvictionAction,io.reactivex.rxjava3.internal.operators.flowable.FlowableGroupBy$GroupedUnicast,10, LD
io.reactivex.rxjava3.internal.operators.flowable.FlowableGroupBy$EvictionAction,io.reactivex.rxjava3.internal.operators.flowable.FlowableGroupBy$State,10, LD
io.reactivex.rxjava3.internal.operators.observable.ObservableWindowTimed$WindowSkipObserver,io.reactivex.rxjava3.internal.operators.flowable.FlowableWindowTimed$WindowSkipSubscriber,3, LD
io.reactivex.rxjava3.internal.operators.observable.ObservableWindowTimed$WindowSkipObserver,io.reactivex.rxjava3.internal.operators.observable.ObservableWindowTimed,3, LD
io.reactivex.rxjava3.internal.operators.observable.ObservableWindowTimed$WindowSkipObserver,io.reactivex.rxjava3.internal.operators.observable.ObservableWindowTimed$AbstractWindowObserver,3, LD
io.reactivex.rxjava3.internal.operators.observable.ObservableWindowTimed$WindowSkipObserver,io.reactivex.rxjava3.internal.operators.observable.ObservableWindowTimed$WindowExactUnboundedObserver,3, LD
io.reactivex.rxjava3.internal.operators.observable.ObservableWindowTimed$WindowSkipObserver,io.reactivex.rxjava3.internal.operators.observable.ObservableWindowTimed$WindowExactBoundedObserver,3, LD
io.reactivex.rxjava3.internal.operators.observable.ObservableWindowTimed$WindowSkipObserver,io.reactivex.rxjava3.internal.operators.flowable.FlowableWindowTimed,3, LD
io.reactivex.rxjava3.internal.operators.observable.ObservableWindowTimed$WindowSkipObserver,io.reactivex.rxjava3.internal.operators.flowable.FlowableWindowTimed$AbstractWindowSubscriber,3, LD
io.reactivex.rxjava3.internal.operators.observable.ObservableWindowTimed$WindowSkipObserver,io.reactivex.rxjava3.internal.operators.flowable.FlowableWindowTimed$WindowExactUnboundedSubscriber,3, LD
io.reactivex.rxjava3.internal.operators.observable.ObservableWindowTimed$WindowSkipObserver,io.reactivex.rxjava3.internal.operators.flowable.FlowableWindowTimed$WindowExactBoundedSubscriber,3, LD
io.reactivex.rxjava3.internal.operators.flowable.FlowableWindowTimed$WindowExactUnboundedSubscriber,io.reactivex.rxjava3.internal.operators.observable.ObservableWindowTimed,3, LD
io.reactivex.rxjava3.internal.operators.flowable.FlowableWindowTimed$WindowExactUnboundedSubscriber,io.reactivex.rxjava3.internal.operators.observable.ObservableWindowTimed$AbstractWindowObserver,3, LD
io.reactivex.rxjava3.internal.operators.flowable.FlowableWindowTimed$WindowExactUnboundedSubscriber,io.reactivex.rxjava3.internal.operators.observable.ObservableWindowTimed$WindowExactUnboundedObserver,3, LD
io.reactivex.rxjava3.internal.operators.flowable.FlowableWindowTimed$WindowExactUnboundedSubscriber,io.reactivex.rxjava3.internal.operators.observable.ObservableWindowTimed$WindowExactBoundedObserver,3, LD
io.reactivex.rxjava3.internal.operators.flowable.FlowableWindowTimed$WindowExactUnboundedSubscriber,io.reactivex.rxjava3.internal.operators.observable.ObservableWindowTimed$WindowSkipObserver,3, LD
io.reactivex.rxjava3.internal.operators.flowable.FlowableWindowTimed$WindowExactUnboundedSubscriber,io.reactivex.rxjava3.internal.operators.flowable.FlowableWindowTimed,4, LD
io.reactivex.rxjava3.internal.operators.flowable.FlowableWindowTimed$WindowExactUnboundedSubscriber,io.reactivex.rxjava3.internal.operators.flowable.FlowableWindowTimed$AbstractWindowSubscriber,4, LD
io.reactivex.rxjava3.internal.operators.flowable.FlowableWindowTimed$WindowExactUnboundedSubscriber,io.reactivex.rxjava3.internal.operators.flowable.FlowableWindowTimed$WindowExactBoundedSubscriber,4, LD
io.reactivex.rxjava3.internal.operators.flowable.FlowableWindowTimed$WindowExactUnboundedSubscriber,io.reactivex.rxjava3.internal.operators.flowable.FlowableWindowTimed$WindowSkipSubscriber,4, LD
io.reactivex.rxjava3.schedulers.TestScheduler$TestWorker,io.reactivex.rxjava3.schedulers.TestScheduler,2, LD
io.reactivex.rxjava3.schedulers.TestScheduler$TestWorker,io.reactivex.rxjava3.schedulers.TestScheduler$TimedRunnable,2, LD
io.reactivex.rxjava3.core.Maybe,io.reactivex.rxjava3.core.Completable,21, LD
io.reactivex.rxjava3.core.Maybe,io.reactivex.rxjava3.core.Flowable,13, LD
io.reactivex.rxjava3.core.Maybe,io.reactivex.rxjava3.core.Observable,13, LD
io.reactivex.rxjava3.core.Maybe,io.reactivex.rxjava3.core.Single,27, LD
io.reactivex.rxjava3.internal.functions.ObjectHelper,io.reactivex.rxjava3.internal.functions.ObjectHelper$BiObjectPredicate,2, LD
io.reactivex.rxjava3.internal.operators.flowable.FlowableGroupBy$GroupedUnicast,io.reactivex.rxjava3.internal.operators.flowable.FlowableGroupBy,10, LD
io.reactivex.rxjava3.internal.operators.flowable.FlowableGroupBy$GroupedUnicast,io.reactivex.rxjava3.internal.operators.flowable.FlowableGroupBy$GroupBySubscriber,10, LD
io.reactivex.rxjava3.internal.operators.flowable.FlowableGroupBy$GroupedUnicast,io.reactivex.rxjava3.internal.operators.flowable.FlowableGroupBy$EvictionAction,10, LD
io.reactivex.rxjava3.internal.operators.flowable.FlowableGroupBy$GroupedUnicast,io.reactivex.rxjava3.internal.operators.flowable.FlowableGroupBy$State,10, LD
io.reactivex.rxjava3.core.Scheduler$PeriodicDirectTask,io.reactivex.rxjava3.core.Scheduler,6, LD
io.reactivex.rxjava3.core.Scheduler$PeriodicDirectTask,io.reactivex.rxjava3.core.Scheduler$Worker,6, LD
io.reactivex.rxjava3.core.Scheduler$PeriodicDirectTask,io.reactivex.rxjava3.core.Scheduler$DisposeTask,6, LD
